<item type="story"><id>965</id>
<collection>Lucy Lloyd !kun notebooks</collection>
<title>The song of the ≠ne≠nebbi (woodpigeon)</title>
<summary>The song of the <i>≠ne≠nebbi,</i> or<i> </i>woodpigeon, contributed by Tamme.</summary><comments>1) See also <i>Song of the sho sho</i> and <i>Song of the ||ku</i> and<i> Song of the !kan ||ka ||karashe</i> and <i>The song of the sauko</i> and <i>The song of the ||noruko djo-djo </i>and <i>The song of the mother of the little buck</i> and <i>The song of the ≠na≠n&apos;arro</i> and <i>The song of the Ngogan-a (a little bird)</i> and <i>The song of the !ke tsa&apos;ba (a bird) </i>and <i>The song of the ||gani (a bird)</i> and <i>The song of the !korro-ssin !ku (or Pit-making Bushmen)</i> and <i>A song of the |kam-ssin !ku (or Sun Bushmen)</i> and <i>The song of the !na !na&apos;rishe (a bird)</i>, 2) This is found in Book XI &amp; XII-3</comments><date>October 1879</date><storypages>9145v</storypages><category>Poetry</category><author>Tamme (XII)</author><keyword><kw>song</kw><subkw>of the !kun</subkw></keyword>
<keyword><kw>song</kw><subkw>given by Tamme</subkw></keyword>
<keyword><kw>song</kw><subkw>of the ≠ne≠nebbi, or woodpigeon</subkw></keyword>
<keyword><kw>woodpigeon</kw><subkw>≠ne≠nebbi</subkw></keyword>
<keyword><kw>woodpigeon</kw><subkw>its song</subkw></keyword>
<keyword><kw>woodpigeon</kw><subkw>a !kun song about</subkw></keyword>
<keyword><kw>bird</kw><subkw>song of the ≠ne≠nebbi, or woodpigeon</subkw></keyword>
<keyword><kw>name</kw><subkw>!kun, a bird called the ≠ne≠nebbi</subkw></keyword>

<page><file>A2_1_111_09146.JPG</file><book>BC_151_A2_1_111</book></page>
</item>
