<item type="story"><id>505</id>
<collection>Lucy Lloyd |xam notebooks</collection>
<title>The great Star !gaunu, which singing named the stars</title>
<summary><i>The great star !gãunu, which singing, named the stars. By the position of certain stars, named by !gãunu, the porcupine knows the time for returning home. In the Katkop dialect, by Díä!kwãin (L V.-20. 5576-5580). </i>The star !gaunu named small stars &apos;aquilae&apos; – they influence the porcupine at dawn and are thus called the Dawn&apos;s stars.</summary><comments>1) p.5575v: Dia!kwain&apos;s paternal grandfather (!xugen-ddi) told him the stars&apos; stories, 2) See also <i>Stars and flowers </i>and <i>A song sung by the star !gaunu, especially by the Bushman women</i> and <i>!gaunu </i>and<i> Names of stars </i>and<i> Names for the star Canopus </i>and<i> The name of a star in the Katkop dialect: the Hare&apos;s star</i>, 3) This story is found in Book V-20</comments><date>7 –11 December 1875</date><storypages>5576-5580</storypages><category>Celestial bodies and aeroscopy</category><author>Dia!kwain (David Hoesar) (V)</author><keyword><kw>stars</kw><subkw>||xwhai</subkw></keyword>
<keyword><kw>stars</kw><subkw>little</subkw></keyword>
<keyword><kw>stars</kw><subkw>great</subkw></keyword>
<keyword><kw>stars</kw><subkw>the names of</subkw></keyword>
<keyword><kw>stars</kw><subkw>!gaunu</subkw></keyword>
<keyword><kw>stars</kw><subkw>the naming of</subkw></keyword>
<keyword><kw>stars</kw><subkw>!gaunu names them in song</subkw></keyword>
<keyword><kw>stars</kw><subkw>their song</subkw></keyword>
<keyword><kw>stars</kw><subkw>the Dawn&apos;s, or aquilae</subkw></keyword>
<keyword><kw>stars</kw><subkw>and the nature and habits of the Porcupine</subkw></keyword>
<keyword><kw>stars</kw><subkw>turn back at dawn</subkw></keyword>
<keyword><kw>stars</kw><subkw>their actions</subkw></keyword>
<keyword><kw>!gaunu</kw><subkw>named the stars</subkw></keyword>
<keyword><kw>!gaunu</kw><subkw>great Star</subkw></keyword>
<keyword><kw>!gaunu</kw><subkw>and the Dawn&apos;s stars</subkw></keyword>
<keyword><kw>!gaunu</kw><subkw>his song</subkw></keyword>
<keyword><kw>!gaunu</kw><subkw>singing named the stars</subkw></keyword>
<keyword><kw>Porcupine</kw><subkw>its nature and habits and the stars</subkw></keyword>
<keyword><kw>Porcupine</kw><subkw>and the actions of the Dawn&apos;s stars</subkw></keyword>
<keyword><kw>Porcupine</kw><subkw>knows the time for returning home from the Dawn&apos;s stars</subkw></keyword>
<keyword><kw>Porcupine</kw><subkw>and the great Star !gaunu, which singing named the stars</subkw></keyword>
<keyword><kw>Dawn&apos;s stars</kw><subkw>aquilae</subkw></keyword>
<keyword><kw>Dawn&apos;s stars</kw><subkw>||xwhai</subkw></keyword>
<keyword><kw>Dawn&apos;s stars</kw><subkw>and the nature and habits of porcupines</subkw></keyword>
<keyword><kw>Dawn&apos;s stars</kw><subkw>!gaunu named them</subkw></keyword>
<keyword><kw>song</kw><subkw>!gaunu&apos;s naming of the stars</subkw></keyword>
<keyword><kw>name</kw><subkw>the great Star !gaunu, singing named the stars</subkw></keyword>
<keyword><kw>name</kw><subkw>|xam names of stars</subkw></keyword>
<keyword><kw>name</kw><subkw>names of the Dawn&apos;s stars or aquilae</subkw></keyword>

<page><file>A2_1_69_05576.JPG</file><book>BC_151_A2_1_069</book></page>
<page><file>A2_1_69_05577.JPG</file><book>BC_151_A2_1_069</book></page>
<page><file>A2_1_69_05578.JPG</file><book>BC_151_A2_1_069</book></page>
<page><file>A2_1_69_05579.JPG</file><book>BC_151_A2_1_069</book></page>
<page><file>A2_1_69_05580.JPG</file><book>BC_151_A2_1_069</book></page>
</item>
