<item type="story"><id>551</id>
<collection>Lucy Lloyd |xam notebooks</collection>
<title>Baboons and ||xabbiten ||xabbiten</title>
<summary>Baboons plan to attack ||xabbiten ||xabbiten. ||xabbiten ||xabbiten asks them what they are saying and then makes remarks about their ugly appearance and climbs a Krieboom tree. He deceives the baboons by calling out to white farmers as if they were near, because baboons fear white men and their guns.</summary><comments>1) p.5929v: ||xabbiten ||xabbiten told Dia!kwain and some of his other young relations this story when they were children, 2) p.5931v: what the head baboon is called, and its name in Dutch, 3) This story is found in Book V-24</comments><date>2 February 1876 (started)</date><storypages>5930-5947</storypages><category>History (personal)</category><category>Relations with others</category><author>Dia!kwain (David Hoesar) (V)</author><keyword><kw>baboons</kw><subkw>and ||xabbiten ||xabbiten</subkw></keyword>
<keyword><kw>baboons</kw><subkw>are numerous</subkw></keyword>
<keyword><kw>baboons</kw><subkw>want pieces of ||xabbiten ||xabbiten</subkw></keyword>
<keyword><kw>baboons</kw><subkw>a description of their appearance</subkw></keyword>
<keyword><kw>baboons</kw><subkw>the nature and habits of</subkw></keyword>
<keyword><kw>baboons</kw><subkw>the name of their head</subkw></keyword>
<keyword><kw>baboons</kw><subkw>their hierarchy</subkw></keyword>
<keyword><kw>baboons</kw><subkw>fear guns</subkw></keyword>
<keyword><kw>baboons</kw><subkw>fear white men</subkw></keyword>
<keyword><kw>||xabbiten ||xabbiten</kw><subkw>baboons and</subkw></keyword>
<keyword><kw>||xabbiten ||xabbiten</kw><subkw>his personal history</subkw></keyword>
<keyword><kw>||xabbiten ||xabbiten</kw><subkw>the baboon-children want to play with his head</subkw></keyword>
<keyword><kw>||xabbiten ||xabbiten</kw><subkw>angers and deceives the baboons</subkw></keyword>
<keyword><kw>||xabbiten ||xabbiten</kw><subkw>insults the baboons&apos; appearance</subkw></keyword>
<keyword><kw>||xabbiten ||xabbiten</kw><subkw>and the white men</subkw></keyword>
<keyword><kw>||xabbiten ||xabbiten</kw><subkw>tells the baboons they are ugly</subkw></keyword>
<keyword><kw>||xabbiten ||xabbiten</kw><subkw>his escape from the baboons</subkw></keyword>
<keyword><kw>||xabbiten ||xabbiten</kw><subkw>climbs the Krieboom tree</subkw></keyword>
<keyword><kw>personal history</kw><subkw>||xabbiten ||xabbiten and the baboons</subkw></keyword>
<keyword><kw>tree</kw><subkw>the Krieboom</subkw></keyword>
<keyword><kw>tree</kw><subkw>climbed by ||xabbiten ||xabbiten to escape baboons</subkw></keyword>
<keyword><kw>Krieboom</kw><subkw>tree</subkw></keyword>
<keyword><kw>Krieboom</kw><subkw>climbed by ||xabbiten ||xabbiten to escape baboons</subkw></keyword>
<keyword><kw>name</kw><subkw>of a tree, climbed by ||xabbiten ||xabbiten to escape baboons</subkw></keyword>
<keyword><kw>name</kw><subkw>the Krieboom</subkw></keyword>
<keyword><kw>name</kw><subkw>of the baboon&apos;s head</subkw></keyword>
<keyword><kw>white men</kw><subkw>and ||xabbiten ||xabbiten and the baboons</subkw></keyword>
<keyword><kw>white men</kw><subkw>baboons fear</subkw></keyword>
<keyword><kw>gun</kw><subkw>||xabbiten ||xabbiten and the baboons</subkw></keyword>
<keyword><kw>gun</kw><subkw>baboons fear</subkw></keyword>

<page><file>A2_1_73_05930.JPG</file><book>BC_151_A2_1_073</book></page>
<page><file>A2_1_73_05931.JPG</file><book>BC_151_A2_1_073</book></page>
<page><file>A2_1_73_05932.JPG</file><book>BC_151_A2_1_073</book></page>
<page><file>A2_1_73_05933.JPG</file><book>BC_151_A2_1_073</book></page>
<page><file>A2_1_73_05934.JPG</file><book>BC_151_A2_1_073</book></page>
<page><file>A2_1_73_05935.JPG</file><book>BC_151_A2_1_073</book></page>
<page><file>A2_1_73_05936.JPG</file><book>BC_151_A2_1_073</book></page>
<page><file>A2_1_73_05937.JPG</file><book>BC_151_A2_1_073</book></page>
<page><file>A2_1_73_05938.JPG</file><book>BC_151_A2_1_073</book></page>
<page><file>A2_1_73_05939.JPG</file><book>BC_151_A2_1_073</book></page>
<page><file>A2_1_73_05940.JPG</file><book>BC_151_A2_1_073</book></page>
<page><file>A2_1_73_05941.JPG</file><book>BC_151_A2_1_073</book></page>
<page><file>A2_1_73_05942.JPG</file><book>BC_151_A2_1_073</book></page>
<page><file>A2_1_73_05943.JPG</file><book>BC_151_A2_1_073</book></page>
<page><file>A2_1_73_05944.JPG</file><book>BC_151_A2_1_073</book></page>
<page><file>A2_1_73_05945.JPG</file><book>BC_151_A2_1_073</book></page>
<page><file>A2_1_73_05946.JPG</file><book>BC_151_A2_1_073</book></page>
<page><file>A2_1_73_05947.JPG</file><book>BC_151_A2_1_073</book></page>
</item>
