<item type="story"><id>730</id>
<collection>Lucy Lloyd |xam notebooks</collection>
<title>The little porcupine</title>
<summary>The people wait for the porcupines to return to their hole and kill them as they return, including the female porcupine who returns last. Different members of the family get given meat from different porcupines and parts of porcupines.</summary><comments>1) p.7396v: men and women carry loads tied on their backs, 2) See also <i>Distribution of porcupine meat</i> and <i>Porcupine hunting</i>, 3) This story is found in Book VIII-16</comments><date>5 September 1878  (started)</date><storypages>7393-7400</storypages><category>Custom and daily life</category><author>|han≠kass'o (Klein Jantje) (VIII)</author><keyword><kw>hunting</kw><subkw>the use of nets in</subkw></keyword>
<keyword><kw>hunting</kw><subkw>carrying meat after</subkw></keyword>
<keyword><kw>hunting</kw><subkw>methods of, for porcupine</subkw></keyword>
<keyword><kw>hunting</kw><subkw>and the little porcupine</subkw></keyword>
<keyword><kw>porcupine</kw><subkw>hunting</subkw></keyword>
<keyword><kw>porcupine</kw><subkw>its meat is carried in nets</subkw></keyword>
<keyword><kw>porcupine</kw><subkw>methods of hunting</subkw></keyword>
<keyword><kw>porcupine</kw><subkw>the &apos;little&apos;</subkw></keyword>
<keyword><kw>porcupine</kw><subkw>family</subkw></keyword>
<keyword><kw>porcupine</kw><subkw>she-</subkw></keyword>
<keyword><kw>porcupine</kw><subkw>he-</subkw></keyword>
<keyword><kw>porcupine</kw><subkw>father-</subkw></keyword>
<keyword><kw>porcupine</kw><subkw>hole</subkw></keyword>
<keyword><kw>porcupine</kw><subkw>mother-</subkw></keyword>
<keyword><kw>porcupine</kw><subkw>female-</subkw></keyword>
<keyword><kw>porcupine</kw><subkw>male-</subkw></keyword>
<keyword><kw>porcupine</kw><subkw>distribution of its flesh</subkw></keyword>
<keyword><kw>porcupine</kw><subkw>the parts eaten</subkw></keyword>
<keyword><kw>porcupine</kw><subkw>the preparation and cooking of its flesh</subkw></keyword>
<keyword><kw>porcupine</kw><subkw>its flesh is made into soup</subkw></keyword>
<keyword><kw>porcupine</kw><subkw>eaten by different people</subkw></keyword>
<keyword><kw>meat</kw><subkw>methods of carrying</subkw></keyword>
<keyword><kw>meat</kw><subkw>carried by men and women</subkw></keyword>
<keyword><kw>meat</kw><subkw>use of a net</subkw></keyword>
<keyword><kw>meat</kw><subkw>the little porcupine</subkw></keyword>
<keyword><kw>food</kw><subkw>the distribution of porcupine flesh</subkw></keyword>
<keyword><kw>food</kw><subkw>the parts of the porcupine that are eaten</subkw></keyword>
<keyword><kw>food</kw><subkw>the preparation and cooking of porcupine flesh</subkw></keyword>
<keyword><kw>food</kw><subkw>porcupine flesh is made into soup</subkw></keyword>
<keyword><kw>food</kw><subkw>porcupine is eaten by men and women</subkw></keyword>
<keyword><kw>food</kw><subkw>the little porcupine</subkw></keyword>
<keyword><kw>net</kw><subkw>used to carry porcupine meat</subkw></keyword>
<keyword><kw>net</kw><subkw>the little porcupine</subkw></keyword>
<keyword><kw>sharing</kw><subkw>of food</subkw></keyword>
<keyword><kw>sharing</kw><subkw>and distribution of the porcupine&apos;s meat</subkw></keyword>
<keyword><kw>sharing</kw><subkw>and the little porcupine</subkw></keyword>
<keyword><kw>soup</kw><subkw>porcupine flesh made into</subkw></keyword>
<keyword><kw>soup</kw><subkw>and the little porcupine</subkw></keyword>

<page><file>A2_1_91_07393.JPG</file><book>BC_151_A2_1_091</book></page>
<page><file>A2_1_91_07394.JPG</file><book>BC_151_A2_1_091</book></page>
<page><file>A2_1_91_07395.JPG</file><book>BC_151_A2_1_091</book></page>
<page><file>A2_1_91_07396.JPG</file><book>BC_151_A2_1_091</book></page>
<page><file>A2_1_91_07397.JPG</file><book>BC_151_A2_1_091</book></page>
<page><file>A2_1_91_07398.JPG</file><book>BC_151_A2_1_091</book></page>
<page><file>A2_1_91_07399.JPG</file><book>BC_151_A2_1_091</book></page>
<page><file>A2_1_91_07400.JPG</file><book>BC_151_A2_1_091</book></page>
</item>
