<item type="story"><id>953</id>
<collection>Lucy Lloyd !kun notebooks</collection>
<title>Song of the ||ku</title>
<summary>Tamme and !nanni both give the song of the ||ku, which they both heard from older people. !nanni heard it from a man called |kuirri, of his grandfather&apos;s people, and Tamme heard it from his uncle ≠namm-she. The ||ku is a small wild animal that resembles a jackal and eats ants and is found in the !kun country. Neither song has been translated.</summary><comments>1) See also <i>Song of the !kan ||ka ||karashe</i> and <i>Song of the sho sho</i> and <i>The song of the Sauko</i> and <i>The song of the ||noruko djo-djo</i> and <i>The song of the mother of the little buck </i>and <i>The song of the ≠na≠n&apos;arro</i> and <i>The song of the Ngogan-a (a little bird)</i> and <i>The song of the !ke tsa&apos;ba (a bird)</i> and <i>The song of the ||gani (a bird)</i> and <i>The song of the !korro-ssin !ku (or Pit-making Bushmen)</i> and <i>A song of the |kam-ssin !ku (or Sun Bushmen)</i> and <i>The song of the !na !na&apos;rishe (a bird</i>), 2) This story is found in Book XI &amp; XII-1</comments><date>October 1879</date><storypages>9049</storypages><category>Poetry</category><category>Plants and animals</category><author>!nanni (XI)</author><author>Tamme (XII)</author><keyword><kw>song</kw><subkw>of the ||ku</subkw></keyword>
<keyword><kw>song</kw><subkw>given by !nanni and Tamme</subkw></keyword>
<keyword><kw>song</kw><subkw>of the !kun</subkw></keyword>
<keyword><kw>ants</kw><subkw>eaten by the ||ku</subkw></keyword>
<keyword><kw>ants</kw><subkw>and the song of the ||ku</subkw></keyword>
<keyword><kw>||ku</kw><subkw>a !kun song about</subkw></keyword>
<keyword><kw>||ku</kw><subkw>resembles a jackal</subkw></keyword>
<keyword><kw>||ku</kw><subkw>eats ants</subkw></keyword>
<keyword><kw>||ku</kw><subkw>habits and diet of</subkw></keyword>

<page><file>A2_1_109_09049.JPG</file><book>BC_151_A2_1_109</book></page>
</item>
