<item type="story"><id>1005</id>
<collection>Lucy Lloyd !kun notebooks</collection>
<title>Words and sentences: plants and animals</title>
<summary>!nanni and Tamme provide words and sentences including the names and descriptions of some plants and animals found in their country (mostly edible). </summary><comments>1) This story is found in Book XI &amp; XII-4</comments><date>28 – 29 January 1880</date><storypages>9269-9272</storypages><category>Words and sentences</category><category>Custom and daily life</category><category>Plants and animals</category><author>!nanni (XI)</author><author>Tamme (XII)</author><keyword><kw>Sun</kw><subkw>its movements</subkw></keyword>
<keyword><kw>Sun</kw><subkw>goes to another country</subkw></keyword>
<keyword><kw>Sun</kw><subkw>rises and sets</subkw></keyword>
<keyword><kw>dogs</kw><subkw>of Tamme&apos;s country do not tire</subkw></keyword>
<keyword><kw>words and sentences</kw><subkw>times of day</subkw></keyword>
<keyword><kw>words and sentences</kw><subkw>plants and animals</subkw></keyword>
<keyword><kw>words and sentences</kw><subkw>given by !nanni and Tamme</subkw></keyword>
<keyword><kw>names</kw><subkw>!kun</subkw></keyword>
<keyword><kw>names</kw><subkw>of plants and animals in !kun country</subkw></keyword>
<keyword><kw>names</kw><subkw>of edible plants</subkw></keyword>
<keyword><kw>food</kw><subkw>eaten by the !kun</subkw></keyword>
<keyword><kw>food</kw><subkw>plants and animals eaten in !nanni and Tamme&apos;s country</subkw></keyword>
<keyword><kw>plants</kw><subkw>found in !nanni and Tamme&apos;s country</subkw></keyword>
<keyword><kw>plants</kw><subkw>!kun names of</subkw></keyword>
<keyword><kw>plants</kw><subkw>edible</subkw></keyword>
<keyword><kw>plants</kw><subkw>fruit trees</subkw></keyword>
<keyword><kw>animals</kw><subkw>!kun names of</subkw></keyword>
<keyword><kw>animals</kw><subkw>eaten by the !kun</subkw></keyword>
<keyword><kw>animals</kw><subkw>habits and diet of</subkw></keyword>
<keyword><kw>animals</kw><subkw>found in !nanni and Tamme&apos;s country</subkw></keyword>

<page><file>A2_1_112_09269.JPG</file><book>BC_151_A2_1_112</book></page>
<page><file>A2_1_112_09270.JPG</file><book>BC_151_A2_1_112</book></page>
<page><file>A2_1_112_09271.JPG</file><book>BC_151_A2_1_112</book></page>
<page><file>A2_1_112_09272.JPG</file><book>BC_151_A2_1_112</book></page>
</item>
