<item type="story"><id>567</id>
<collection>Lucy Lloyd |xam notebooks</collection>
<title>The old man&apos;s song (written again separately, from ≠girri-sse&apos;s dictation)</title>
<summary><i>The Old Man, the Little Hare, and the Lions. Related by ≠giri–sse (L VII.-1. 6032-6040, partly translated). A fragment of the above story was also related by ≠giri–sse (L VII.-1. 6031). Explanatory note in the Katkop dialect, by Díä!kwãin (L VII.-1. 6031 rev. and 6032 rev.).</i> An untranslated version of the song of the old man who calls for mist (/<i>kumm</i>) to come to the &apos;killing place&apos; as he hops away from the Lions (after cutting off his bad leg). </summary><comments>1) p.6039v: the name of the mist in the song is |<i>kumm</i> (according to both Jan Ronebout and Dia!kwain), 2) See also <i>Fragment of a story about the old man, the little Hare and the travelling Lions</i>, 3) This story is found in Book VII-1</comments><date>3 December 1875</date><storypages>6040</storypages><category>Poetry</category><author>≠gerri-sse (Jan Ronebout)</author><keyword><kw>mist</kw><subkw>called |kumm</subkw></keyword>
<keyword><kw>mist</kw><subkw>and the old man who cuts off his leg</subkw></keyword>
<keyword><kw>mist</kw><subkw>a song to</subkw></keyword>
<keyword><kw>mist</kw><subkw>the old man calls to</subkw></keyword>
<keyword><kw>mist</kw><subkw>comes to the &apos;killing place&apos;</subkw></keyword>
<keyword><kw>mist</kw><subkw>the old man&apos;s song</subkw></keyword>
<keyword><kw>song</kw><subkw>to the mist called |kumm</subkw></keyword>
<keyword><kw>song</kw><subkw>of the old man who escapes the Lions</subkw></keyword>
<keyword><kw>name</kw><subkw>the old man&apos;s song to the mist called |kumm</subkw></keyword>
<keyword><kw>Lions</kw><subkw>the old man&apos;s song</subkw></keyword>
<keyword><kw>Lions</kw><subkw>and the old man who escapes them by cutting off his leg</subkw></keyword>

<page><file>A2_1_75_06040.JPG</file><book>BC_151_A2_1_075</book></page>
</item>
