<item type="story"><id>799</id>
<collection>Lucy Lloyd |xam notebooks</collection>
<title>!xen and the steenbok</title>
<summary>!xen (Dirk) is afraid of the female steenbok, who has a baby steenbok, and throws dust in the steenbok&apos;s eyes to make it afraid of him (as he is of it).</summary><comments>1) p.7958v: |han≠kass&apos;o heard this from !xen himself; !xen and his relations (he was |han≠kass&apos;o&apos;s cousin); what the people say about the steenbok; the |xam term for a man who teases or tricks people, 2) This story is found in Book VIII-22</comments><date>4 November 1878 (started and finished on or about)</date><storypages>7959-7961</storypages><category>History (personal)</category><author>|han≠kass'o (Klein Jantje) (VIII)</author><keyword><kw>steenbok</kw><subkw>breaks kneecaps</subkw></keyword>
<keyword><kw>steenbok</kw><subkw>why it is feared</subkw></keyword>
<keyword><kw>steenbok</kw><subkw>and !xen or Dirk</subkw></keyword>
<keyword><kw>steenbok</kw><subkw>the actions and habits of</subkw></keyword>
<keyword><kw>steenbok</kw><subkw>-female</subkw></keyword>
<keyword><kw>steenbok</kw><subkw>-mother</subkw></keyword>
<keyword><kw>steenbok</kw><subkw>-young</subkw></keyword>
<keyword><kw>steenbok</kw><subkw>-newborn</subkw></keyword>
<keyword><kw>steenbok</kw><subkw>what the people say about it</subkw></keyword>
<keyword><kw>steenbok</kw><subkw>!xen throws dust in its eyes</subkw></keyword>
<keyword><kw>steenbok</kw><subkw>!xen fears it</subkw></keyword>
<keyword><kw>!xen</kw><subkw>his personal history</subkw></keyword>
<keyword><kw>!xen</kw><subkw>Dirk</subkw></keyword>
<keyword><kw>!xen</kw><subkw>and the steenbok</subkw></keyword>
<keyword><kw>!xen</kw><subkw>throws dust in the steenbok&apos;s eyes</subkw></keyword>
<keyword><kw>!xen</kw><subkw>misses his aim at the steenbok</subkw></keyword>
<keyword><kw>!xen</kw><subkw>fears the steenbok</subkw></keyword>
<keyword><kw>personal history</kw><subkw>!xen or Dirk and the steenbok</subkw></keyword>
<keyword><kw>hunting</kw><subkw>!xen or Dirk and the steenbok</subkw></keyword>
<keyword><kw>hunting</kw><subkw>!xen misses his aim</subkw></keyword>

<page><file>A2_1_97_07959.JPG</file><book>BC_151_A2_1_097</book></page>
<page><file>A2_1_97_07960.JPG</file><book>BC_151_A2_1_097</book></page>
<page><file>A2_1_97_07961.JPG</file><book>BC_151_A2_1_097</book></page>
</item>
