<item type="story"><id>907</id>
<collection>Lucy Lloyd |xam notebooks</collection>
<title>Covers and first pages of Lloyd&apos;s Book VIII-31 or BC151_A2_1_106</title>

<page><file>A2_1_106_FRTCV.JPG</file><book>BC_151_A2_1_106</book></page>
<page><file>A2_1_106_INFRT.JPG</file><book>BC_151_A2_1_106</book></page>
<page><file>A2_1_106_CON01.JPG</file><book>BC_151_A2_1_106</book></page>
<page><file>A2_1_106_CON02.JPG</file><book>BC_151_A2_1_106</book></page>
<page><file>A2_1_106_BCKCV.JPG</file><book>BC_151_A2_1_106</book></page>
</item>
