<item type="story"><id>708</id>
<collection>Lucy Lloyd |xam notebooks</collection>
<title>Missing the game </title>
<summary>The women must not eat meat from the shoulder blades of the springbok, or the arrows will miss the game. This is called &apos;when we shoot our death&apos;.</summary><comments>1) See also <i>!nanna-sse</i>, 2) This story is found in Book VIII-14</comments><date>6 August 1878</date><storypages>7263v</storypages><category>Custom and daily life</category><author>|han≠kass'o (Klein Jantje) (VIII)</author><keyword><kw>hunting</kw><subkw>&apos;missing the game&apos;</subkw></keyword>
<keyword><kw>hunting</kw><subkw>&apos;when we shoot our death&apos;</subkw></keyword>
<keyword><kw>hunting</kw><subkw>observances</subkw></keyword>
<keyword><kw>hunting</kw><subkw>respecting the game</subkw></keyword>
<keyword><kw>hunting</kw><subkw>the eating of game</subkw></keyword>
<keyword><kw>hunting</kw><subkw>women must not eat the springbok&apos;s shoulder blades</subkw></keyword>
<keyword><kw>hunting</kw><subkw>shooting springbok</subkw></keyword>
<keyword><kw>food</kw><subkw>avoided by women</subkw></keyword>
<keyword><kw>food</kw><subkw>eating certain, and &apos;missing the game&apos;</subkw></keyword>
<keyword><kw>food</kw><subkw>prohibitions regarding eating springbok</subkw></keyword>
<keyword><kw>food</kw><subkw>women must not eat the springbok&apos;s shoulder blades</subkw></keyword>
<keyword><kw>food</kw><subkw>and &apos;when we shoot our death&apos;</subkw></keyword>
<keyword><kw>springbok</kw><subkw>women must not eat the flesh from its shoulder blades</subkw></keyword>
<keyword><kw>springbok</kw><subkw>their nature and habits</subkw></keyword>
<keyword><kw>springbok</kw><subkw>the eating of</subkw></keyword>
<keyword><kw>springbok</kw><subkw>eating, and &apos;missing the game&apos;</subkw></keyword>
<keyword><kw>hunting</kw><subkw>observances</subkw></keyword>
<keyword><kw>hunting</kw><subkw>&apos;missing the game&apos;</subkw></keyword>
<keyword><kw>hunting</kw><subkw>the consequences of eating prohibited food</subkw></keyword>
<keyword><kw>hunting</kw><subkw>illness and &apos;when we shoot our death&apos;</subkw></keyword>
<keyword><kw>prohibition</kw><subkw>food and hunting observances</subkw></keyword>
<keyword><kw>prohibition</kw><subkw>women must not eat the flesh from the springbok&apos;s shoulder blades</subkw></keyword>
<keyword><kw>illness</kw><subkw>caused by &apos;missing the game&apos;</subkw></keyword>
<keyword><kw>illness</kw><subkw>caused by eating the springbok&apos;s shoulder blades</subkw></keyword>
<keyword><kw>illness</kw><subkw>the consequences of missing the game</subkw></keyword>
<keyword><kw>illness</kw><subkw>&apos;when we shoot our death&apos;</subkw></keyword>
<keyword><kw>death</kw><subkw>and illness</subkw></keyword>
<keyword><kw>death</kw><subkw>&apos;when we shoot our death&apos;</subkw></keyword>
<keyword><kw>death</kw><subkw>the consequences of &apos;missing the game&apos;</subkw></keyword>
<keyword><kw>women</kw><subkw>must not eat the flesh from the springbok&apos;s shoulder blades</subkw></keyword>
<keyword><kw>women</kw><subkw>and &apos;missing the game&apos;</subkw></keyword>
<keyword><kw>women</kw><subkw>and &apos;when we shoot our death&apos;</subkw></keyword>
<keyword><kw>arrows</kw><subkw>which will miss the game</subkw></keyword>
<keyword><kw>arrows</kw><subkw>&apos;missing the game&apos; results in &apos;when we shoot our death&apos;</subkw></keyword>

<page><file>A2_1_89_07264.JPG</file><book>BC_151_A2_1_089</book></page>
</item>
