<item type="story"><id>1060</id>
<collection>Lucy Lloyd !kun notebooks</collection>
<title>Respect for the mantis</title>
<summary>The people in Tamme&apos;s country respect the mantis (||gan-a) and do not eat it. A person who eats the mantis dies.</summary><comments>1) This story is found in Book XI &amp; XII-9</comments><date>22 March 1880</date><storypages>9674</storypages><category>Custom and daily life</category><author>Tamme (XII)</author><keyword><kw>mantis</kw><subkw>respect for</subkw></keyword>
<keyword><kw>mantis</kw><subkw>Tamme&apos;s people respect it</subkw></keyword>
<keyword><kw>mantis</kw><subkw>or ||gan-a</subkw></keyword>
<keyword><kw>mantis</kw><subkw>is not eaten</subkw></keyword>
<keyword><kw>mantis</kw><subkw>customs relating to</subkw></keyword>
<keyword><kw>mantis</kw><subkw>eating it results in death</subkw></keyword>
<keyword><kw>mantis</kw><subkw>a prohibition against eating it</subkw></keyword>
<keyword><kw>mantis</kw><subkw>!kun name of</subkw></keyword>
<keyword><kw>food</kw><subkw>avoidances</subkw></keyword>
<keyword><kw>food</kw><subkw>the eating of the mantis is forbidden</subkw></keyword>
<keyword><kw>food</kw><subkw>eating the mantis causes death</subkw></keyword>
<keyword><kw>death</kw><subkw>eating the mantis results in</subkw></keyword>
<keyword><kw>!kun</kw><subkw>people in Tamme&apos;s country respect the mantis and do not eat it</subkw></keyword>
<keyword><kw>country</kw><subkw>people in Tamme&apos;s respect the mantis and do not eat it</subkw></keyword>
<keyword><kw>name</kw><subkw>!kun, for the mantis</subkw></keyword>
<keyword><kw>name</kw><subkw>the mantis is called ||gan-a</subkw></keyword>
<keyword><kw>respect</kw><subkw>of Tamme&apos;s people for the mantis</subkw></keyword>

<page><file>A2_1_117_09674.JPG</file><book>BC_151_A2_1_117</book></page>
</item>
