<item type="story"><id>95</id>
<collection>Wilhelm Bleek notebooks</collection>
<title>Blank pages in Bleek&apos;s Book XXIV</title>
<summary>Blank pages in the notebook.</summary><storypages>2256-2260</storypages><keyword><kw>blank pages</kw><subkw>in Bleek&apos;s Book XXIV</subkw></keyword>
<keyword><kw>pages</kw><subkw>blank, in Bleek&apos;s Book XXIV</subkw></keyword>

<page><file>A1_4_24_02256.JPG</file><book>BC_151_A1_4_024</book></page>
<page><file>A1_4_24_02257.JPG</file><book>BC_151_A1_4_024</book></page>
<page><file>A1_4_24_02258.JPG</file><book>BC_151_A1_4_024</book></page>
<page><file>A1_4_24_02259.JPG</file><book>BC_151_A1_4_024</book></page>
<page><file>A1_4_24_02260.JPG</file><book>BC_151_A1_4_024</book></page>
</item>
