<item type="story"><id>1067</id>
<collection>Lucy Lloyd !kun notebooks</collection>
<title>A drum</title>
<summary>A description of the drum (called <i>!gauru</i>) made and played by the !kun.</summary><comments>1)  This story is found in Book XI &amp; XII-10</comments><date>8 April 1881</date><storypages>9789v</storypages><category>Artefact and dress</category><author>!nanni (XI)</author><author>Tamme (XII)</author><keyword><kw>musical instrument</kw><subkw>the drum of the !kun called !gauru</subkw></keyword>
<keyword><kw>drum</kw><subkw>called !gauru</subkw></keyword>
<keyword><kw>drum</kw><subkw>made and used by the !kun</subkw></keyword>
<keyword><kw>drum</kw><subkw>the making of</subkw></keyword>
<keyword><kw>drum</kw><subkw>the method of playing</subkw></keyword>
<keyword><kw>drum</kw><subkw>is beaten with hands</subkw></keyword>
<keyword><kw>drum</kw><subkw>a description of</subkw></keyword>
<keyword><kw>musical instrument</kw><subkw>drum called !gauru</subkw></keyword>
<keyword><kw>name</kw><subkw>!kun, a drum called !gauru</subkw></keyword>

<page><file>A2_1_118_09790.JPG</file><book>BC_151_A2_1_118</book></page>
</item>
