<item type="story"><id>157</id>
<collection>Lucy Lloyd |xam notebooks</collection>
<title>Words and sentences (including the names of stars)</title>
<summary>Words and sentences with many entries concerning the names of celestial bodies and the heavens. p.199v features a note on the great star, which follows daybreak (the Day&apos;s Heart star, or Jupiter). p.200v contains further notes on stars and their names and movements as well as what the |xam call them (such as the &apos;husband&apos;, and the &apos;mother&apos; and &apos;child&apos;).</summary><comments>1) Note on the inside of the back cover of this notebook: &apos;Finished correcting Sept 15/71 from Jantje Toorm himself&apos;; additional corrections made on 27 May, 2) This story is found in Book II-1</comments><date>10 March 1871 (given on or about)</date><storypages>199-201</storypages><category>Words and sentences</category><category>Celestial bodies and aeroscopy</category><author>||kabbo (Jantje) (II)</author><keyword><kw>eating</kw><subkw>and hunger</subkw></keyword>
<keyword><kw>heavens</kw><subkw>stars</subkw></keyword>
<keyword><kw>heavens</kw><subkw>planets</subkw></keyword>
<keyword><kw>heavens</kw><subkw>sun</subkw></keyword>
<keyword><kw>heavens</kw><subkw>Moon</subkw></keyword>
<keyword><kw>heavens</kw><subkw>names of</subkw></keyword>
<keyword><kw>stars</kw><subkw>the Day&apos;s Heart star</subkw></keyword>
<keyword><kw>stars</kw><subkw>Jupiter</subkw></keyword>
<keyword><kw>stars</kw><subkw>the Great star</subkw></keyword>
<keyword><kw>stars</kw><subkw>names of</subkw></keyword>
<keyword><kw>stars</kw><subkw>descriptions of</subkw></keyword>
<keyword><kw>words and sentences</kw><subkw>including names of stars</subkw></keyword>
<keyword><kw>vocabulary</kw><subkw>|xam</subkw></keyword>
<keyword><kw>names</kw><subkw>of stars</subkw></keyword>
<keyword><kw>names</kw><subkw>of celestial bodies</subkw></keyword>

<page><file>A2_1_7_00199.JPG</file><book>BC_151_A2_1_007</book></page>
<page><file>A2_1_7_00200.JPG</file><book>BC_151_A2_1_007</book></page>
<page><file>A2_1_7_00201.JPG</file><book>BC_151_A2_1_007</book></page>
</item>
