<item type="story"><id>1058</id>
<collection>Lucy Lloyd !kun notebooks</collection>
<title>Covers and first pages of Lloyd&apos;s Book XI &amp; XII-9 or BC151_A2_1_117</title>

<page><file>A2_1_117_FRTCV.JPG</file><book>BC_151_A2_1_117</book></page>
<page><file>A2_1_117_INFRT.JPG</file><book>BC_151_A2_1_117</book></page>
<page><file>A2_1_117_CON01.JPG</file><book>BC_151_A2_1_117</book></page>
<page><file>A2_1_117_09682.JPG</file><book>BC_151_A2_1_117</book></page>
<page><file>A2_1_117_09757.JPG</file><book>BC_151_A2_1_117</book></page>
<page><file>A2_1_117_INS01.JPG</file><book>BC_151_A2_1_117</book></page>
<page><file>A2_1_117_INS02.JPG</file><book>BC_151_A2_1_117</book></page>
<page><file>A2_1_117_INS03.JPG</file><book>BC_151_A2_1_117</book></page>
<page><file>A2_1_117_BCKCV.JPG</file><book>BC_151_A2_1_117</book></page>
</item>
