<item type="story"><id>1059</id>
<collection>Lucy Lloyd !kun notebooks</collection>
<title>Words and sentences: names of animals given by Tamme at the museum</title>
<summary>Tamme (and occasionally !nanni) provides Lloyd with the !kun names of animals, birds and insects at the South African Museum.</summary><comments>1) Inserts on the inside front cover of Book XI &amp; XII-9: pencil and pen script in Lloyd&apos;s hand concerning birds and insects, 2) Pages 9682-9757 in this notebook are blank, 3) This is found in Book XI &amp; XII-9</comments><date>20 March 1880 (started)</date><storypages>9671-9673, 9675-9681</storypages><category>Words and sentences</category><category>Plants and animals</category><author>Tamme (XII)</author><keyword><kw>names</kw><subkw>of animals given by Tamme at the SA museum</subkw></keyword>
<keyword><kw>vocabulary</kw><subkw>!kun</subkw></keyword>
<keyword><kw>vocabulary</kw><subkw>names of animals at the SA museum</subkw></keyword>
<keyword><kw>words and sentences</kw><subkw>names of animals given by Tamme at the SA museum</subkw></keyword>

<page><file>A2_1_117_09671.JPG</file><book>BC_151_A2_1_117</book></page>
<page><file>A2_1_117_09672.JPG</file><book>BC_151_A2_1_117</book></page>
<page><file>A2_1_117_09673.JPG</file><book>BC_151_A2_1_117</book></page>
<page><file>A2_1_117_09675.JPG</file><book>BC_151_A2_1_117</book></page>
<page><file>A2_1_117_09676.JPG</file><book>BC_151_A2_1_117</book></page>
<page><file>A2_1_117_09677.JPG</file><book>BC_151_A2_1_117</book></page>
<page><file>A2_1_117_09678.JPG</file><book>BC_151_A2_1_117</book></page>
<page><file>A2_1_117_09679.JPG</file><book>BC_151_A2_1_117</book></page>
<page><file>A2_1_117_09680.JPG</file><book>BC_151_A2_1_117</book></page>
<page><file>A2_1_117_09681.JPG</file><book>BC_151_A2_1_117</book></page>
</item>
