<item type="story"><id>739</id>
<collection>Lucy Lloyd |xam notebooks</collection>
<title>Digging for porcupine</title>
<summary>When the people go digging for porcupine they pluck off its quills at its hole and place them neatly (&apos;nicely&apos;) together so that the wind will not disperse them.</summary><comments>1) p.7431v: see <i>Rain&apos;s animals</i>, 2) This story is found in Book VIII-16</comments><date>September 1878</date><storypages>7431-7433</storypages><category>Custom and daily life</category><author>|han≠kass'o (Klein Jantje) (VIII)</author><keyword><kw>hunting</kw><subkw>of porcupine</subkw></keyword>
<keyword><kw>hunting</kw><subkw>digging for porcupine</subkw></keyword>
<keyword><kw>hunting</kw><subkw>and the treatment of the porcupine&apos;s quills</subkw></keyword>
<keyword><kw>hunting</kw><subkw>observances</subkw></keyword>
<keyword><kw>porcupine</kw><subkw>respecting</subkw></keyword>
<keyword><kw>porcupine</kw><subkw>digging for</subkw></keyword>
<keyword><kw>porcupine</kw><subkw>observances when hunting</subkw></keyword>
<keyword><kw>porcupine</kw><subkw>the treatment and placement of its quills</subkw></keyword>
<keyword><kw>porcupine</kw><subkw>its quills are placed neatly out of the wind</subkw></keyword>
<keyword><kw>wind</kw><subkw>the porcupine&apos;s quills placed out of</subkw></keyword>
<keyword><kw>wind</kw><subkw>the treatment of the porcupine&apos;s quills</subkw></keyword>
<keyword><kw>wind</kw><subkw>and digging for porcupine</subkw></keyword>

<page><file>A2_1_91_07431.JPG</file><book>BC_151_A2_1_091</book></page>
<page><file>A2_1_91_07432.JPG</file><book>BC_151_A2_1_091</book></page>
<page><file>A2_1_91_07433.JPG</file><book>BC_151_A2_1_091</book></page>
</item>
