<item type="story"><id>168</id>
<collection>Lucy Lloyd |xam notebooks</collection>
<title>Seeking springbok</title>
<summary>The |xam hunt springbok.<i> Sentences and Words (B II. 350-353, 363; L II.-1. 196-201, 250 and 251; L II.-4. 476-478); further by /a!kúnta (B I. 67-157, etc.; L I.-1. 1-94, 97-114, 118; 2. 120-130, 134-137).</i></summary><comments>1) Note on the inside of the back cover of this notebook: &apos;Finished correcting Sept 15/71 from Jantje Toorm himself&apos;, 2) This story is found in Book II-1</comments><date>16 &amp;17 May 1871</date><storypages>251</storypages><category>Custom and daily life</category><author>||kabbo (Jantje) (II)</author><keyword><kw>springbok</kw><subkw>hunting</subkw></keyword>
<keyword><kw>hunting</kw><subkw>seeking springbok</subkw></keyword>
<keyword><kw>hunting</kw><subkw>springbok</subkw></keyword>

<page><file>A2_1_7_00251.JPG</file><book>BC_151_A2_1_007</book></page>
</item>
