<item type="story"><id>569</id>
<collection>Lucy Lloyd |xam notebooks</collection>
<title>A fragment of the story of the early morning</title>
<summary><i>One person not to stand over another in the early morning. By ≠girri-sse (L VII.-1. 6045 and 6046).</i> A fragment of the account of what happens when one stands in the early morning.</summary><comments>1) This story is found in Book VII-1</comments><date>November 1875</date><storypages>6045-6046</storypages><category>Custom and daily life</category><author>≠gerri-sse (Jan Ronebout)</author><keyword><kw>morning</kw><subkw>early morning</subkw></keyword>
<keyword><kw>morning</kw><subkw>the story of</subkw></keyword>
<keyword><kw>morning</kw><subkw>its doings</subkw></keyword>
<keyword><kw>morning</kw><subkw>prohibitions relating to</subkw></keyword>
<keyword><kw>morning</kw><subkw>the consequences of standing at</subkw></keyword>
<keyword><kw>morning</kw><subkw>avoidance behaviour relating to</subkw></keyword>
<keyword><kw>morning</kw><subkw>actions at</subkw></keyword>
<keyword><kw>morning</kw><subkw>teachings about</subkw></keyword>
<keyword><kw>morning</kw><subkw>and falling down</subkw></keyword>
<keyword><kw>morning</kw><subkw>standing or sitting down at</subkw></keyword>
<keyword><kw>morning</kw><subkw>customs relating to</subkw></keyword>
<keyword><kw>teaching</kw><subkw>about the early morning and its doings</subkw></keyword>
<keyword><kw>education</kw><subkw>about the early morning and its doings</subkw></keyword>
<keyword><kw>standing</kw><subkw>consequences of, in the early morning</subkw></keyword>
<keyword><kw>standing</kw><subkw>over another in the morning</subkw></keyword>

<page><file>A2_1_75_06045.JPG</file><book>BC_151_A2_1_075</book></page>
<page><file>A2_1_75_06046.JPG</file><book>BC_151_A2_1_075</book></page>
</item>
