<item type="story"><id>309</id>
<collection>Lucy Lloyd |xam notebooks</collection>
<title>Ssho |oa or ||karruken-||karruken or |u ssho a</title>
<summary><i>Shó-|õä, a Bushman vegetable medicine, used also as a charm (L II.-36. 3242-3261). How one man fights with another, having previously rubbed his own hands with Shó-|õä; and how he afterwards restores the man with whom he fought, by means of a fresh application of Shó-|õä (L II.-36. 3262-3268). </i>A detailed description of the properties and applications of Ssho |oa<i>, </i>including its medicinal uses, its use as a preparation for hunting and as a charm for hunting springbok.</summary><comments>1) Inserts on the inside of the front cover of Book II-36: notes concerning animals and the making of bowstrings from the sinews of buck; a note on the heart falling down when a man is ill or when he is startled awake from sleep; what |kaggen does when an eland has been shot; see <i>What |kaggen does when an eland has been shot,</i> 2) Note on the inside of the cover of Book II-36: pp.3242-3332 were translated in September 1873, but Lloyd &apos;Began to enter from p.3261 Aug. 1st 1911.&apos;, 3) Date on p.3262: 20 September, 4) pp.3244v &amp; 3245v: see <i>How Korannas and the |xam cut themselves in order to shoot well</i>, 5) p.3246v: although the story refers to coal being rubbed into cuts, it is actually burnt wood in powdered form, 6) p.3250v: a man aimed at and missed a springbok because he left his band at the house: he has to cut his arm so that the arrow will fly well and make the right (tearing) noise, 7) p.3251v: if the arrow flies badly it makes a whistling and hissing noise; the hunter draws the Ssho |oa in a line down the centre of his forehead, down his nose and across the right nostril to the middle of his right cheek, 8) p.3255v: the &apos;dust&apos;s fear&apos;: what the springbok feel when running closely together in the dust, 9) p.3258v: hunters head off the springbok, 10) p.3261v: a word for help and what ||kabbo calls &apos;white man&apos;s talk&apos; for the same thing, 11) p.3263v: the overcome man&apos;s eyes have rolled back in his head (go behind themselves); the fighter has rubbed his underarms with Ssho |oa before fighting and then rubbed the other&apos;s face; 12) p.3264v: the perspiration and the Ssho |oa mix under his arms and smell together; the fighter revives his afflicted opponent and gives the man the piece of Ssho |oa he has doctored him with, 13) See also <i>About Ssho |oa: where to be found</i> and <i>An ignorant man digs up Ssho |oa and the consequences of his actions</i> and <i>How women fear the new Ssho |oa which has just been brought home </i>and <i>The consequences of a woman&apos;s smelling fresh Ssho |oa scent</i> and <i>What the man does and says to the new Ssho |oa so that it may know him</i>, 14) This story is found in Book II-36</comments><date>6 – 21 September 1873 </date><storypages>3242-3268</storypages><category>Custom and daily life</category><category>Healing and ailing</category><author>||kabbo (Jantje) (II)</author><keyword><kw>Ssho |oa</kw><subkw>Sho-|oa</subkw></keyword>
<keyword><kw>Ssho |oa</kw><subkw>or ||karruken-||karruken or |u ssho a</subkw></keyword>
<keyword><kw>Ssho |oa</kw><subkw>a medicinal plant</subkw></keyword>
<keyword><kw>Ssho |oa</kw><subkw>its curative powers</subkw></keyword>
<keyword><kw>Ssho |oa</kw><subkw>and healing</subkw></keyword>
<keyword><kw>Ssho |oa</kw><subkw>a band of</subkw></keyword>
<keyword><kw>Ssho |oa</kw><subkw>as a preparation for hunting</subkw></keyword>
<keyword><kw>Ssho |oa</kw><subkw>as a charm for hunting</subkw></keyword>
<keyword><kw>Ssho |oa</kw><subkw>as a charm for springbok</subkw></keyword>
<keyword><kw>Ssho |oa</kw><subkw>the effects of</subkw></keyword>
<keyword><kw>Ssho |oa</kw><subkw>and death</subkw></keyword>
<keyword><kw>Ssho |oa</kw><subkw>revives and restores</subkw></keyword>
<keyword><kw>Ssho |oa</kw><subkw>the different properties and uses for</subkw></keyword>
<keyword><kw>Ssho |oa</kw><subkw>and fighting between people</subkw></keyword>
<keyword><kw>Ssho |oa</kw><subkw>burnt wood</subkw></keyword>
<keyword><kw>Ssho |oa</kw><subkw>is rubbed into cuts and wounds</subkw></keyword>
<keyword><kw>Ssho |oa</kw><subkw>the burning of</subkw></keyword>
<keyword><kw>Ssho |oa</kw><subkw>different names for</subkw></keyword>
<keyword><kw>Ssho |oa</kw><subkw>names for used by different peoples</subkw></keyword>
<keyword><kw>Ssho |oa</kw><subkw>the location of</subkw></keyword>
<keyword><kw>Ssho |oa</kw><subkw>the collecting and preparation of</subkw></keyword>
<keyword><kw>Ssho |oa</kw><subkw>the bag used for</subkw></keyword>
<keyword><kw>Ssho |oa</kw><subkw>rubbing body with, as salve</subkw></keyword>
<keyword><kw>Ssho |oa</kw><subkw>medicinal uses of</subkw></keyword>
<keyword><kw>Ssho |oa</kw><subkw>and cutting of flesh</subkw></keyword>
<keyword><kw>Ssho |oa</kw><subkw>the appearance of</subkw></keyword>
<keyword><kw>Ssho |oa</kw><subkw>digging for</subkw></keyword>
<keyword><kw>scarification</kw><subkw>and cutting</subkw></keyword>
<keyword><kw>scarification</kw><subkw>and hunting</subkw></keyword>
<keyword><kw>scarification</kw><subkw>process of</subkw></keyword>
<keyword><kw>scarification</kw><subkw>methods of</subkw></keyword>
<keyword><kw>scarification</kw><subkw>and Ssho |oa</subkw></keyword>
<keyword><kw>scarification</kw><subkw>the cut&apos;s wounds</subkw></keyword>
<keyword><kw>hunting</kw><subkw>and Ssho |oa</subkw></keyword>
<keyword><kw>hunting</kw><subkw>rituals that ensure its success</subkw></keyword>
<keyword><kw>hunting</kw><subkw>charms for</subkw></keyword>
<keyword><kw>hunting</kw><subkw>and arrows</subkw></keyword>
<keyword><kw>hunting</kw><subkw>of springbok</subkw></keyword>
<keyword><kw>hunting</kw><subkw>methods of</subkw></keyword>
<keyword><kw>hunting</kw><subkw>and wind</subkw></keyword>
<keyword><kw>hunting</kw><subkw>and cutting</subkw></keyword>
<keyword><kw>fight</kw><subkw>using Ssho |oa during and after</subkw></keyword>
<keyword><kw>fight</kw><subkw>and exchange of poison arrows</subkw></keyword>
<keyword><kw>fight</kw><subkw>reconciliation after</subkw></keyword>
<keyword><kw>death</kw><subkw>the falling of the heart</subkw></keyword>
<keyword><kw>death</kw><subkw>and Ssho |oa</subkw></keyword>
<keyword><kw>healing</kw><subkw>and Ssho |oa</subkw></keyword>
<keyword><kw>healing</kw><subkw>Ssho |oa&apos;s curative powers</subkw></keyword>
<keyword><kw>healing</kw><subkw>Ssho |oa is rubbed into cuts and wounds</subkw></keyword>
<keyword><kw>healing</kw><subkw>Ssho |oa revives and restores</subkw></keyword>
<keyword><kw>healing</kw><subkw>rubbing body with Ssho |oa, as salve</subkw></keyword>
<keyword><kw>plants</kw><subkw>Ssho |oa</subkw></keyword>
<keyword><kw>plants</kw><subkw>medicinal</subkw></keyword>
<keyword><kw>plants</kw><subkw>names of used by different peoples</subkw></keyword>
<keyword><kw>arrows</kw><subkw>an exchange of poison</subkw></keyword>
<keyword><kw>arrows</kw><subkw>and Ssho |oa</subkw></keyword>
<keyword><kw>digging</kw><subkw>for Ssho |oa</subkw></keyword>
<keyword><kw>heart</kw><subkw>falls at death</subkw></keyword>
<keyword><kw>heart</kw><subkw>and Ssho |oa</subkw></keyword>
<keyword><kw>wind</kw><subkw>and hunting</subkw></keyword>
<keyword><kw>wind</kw><subkw>and Ssho |oa</subkw></keyword>
<keyword><kw>cutting</kw><subkw>and Ssho |oa</subkw></keyword>
<keyword><kw>cutting</kw><subkw>rituals that ensure successful hunting</subkw></keyword>
<keyword><kw>names</kw><subkw>used by different peoples for Ssho |oa</subkw></keyword>
<keyword><kw>names</kw><subkw>different, for Ssho |oa</subkw></keyword>
<keyword><kw>bag</kw><subkw>used for Ssho |oa</subkw></keyword>
<keyword><kw>charm</kw><subkw>for hunting springbok</subkw></keyword>
<keyword><kw>charm</kw><subkw>and Ssho |oa</subkw></keyword>

<page><file>A2_1_42_03242.JPG</file><book>BC_151_A2_1_042</book></page>
<page><file>A2_1_42_03243.JPG</file><book>BC_151_A2_1_042</book></page>
<page><file>A2_1_42_03244.JPG</file><book>BC_151_A2_1_042</book></page>
<page><file>A2_1_42_03245.JPG</file><book>BC_151_A2_1_042</book></page>
<page><file>A2_1_42_03246.JPG</file><book>BC_151_A2_1_042</book></page>
<page><file>A2_1_42_03247.JPG</file><book>BC_151_A2_1_042</book></page>
<page><file>A2_1_42_03248.JPG</file><book>BC_151_A2_1_042</book></page>
<page><file>A2_1_42_03249.JPG</file><book>BC_151_A2_1_042</book></page>
<page><file>A2_1_42_03250.JPG</file><book>BC_151_A2_1_042</book></page>
<page><file>A2_1_42_03251.JPG</file><book>BC_151_A2_1_042</book></page>
<page><file>A2_1_42_03252.JPG</file><book>BC_151_A2_1_042</book></page>
<page><file>A2_1_42_03253.JPG</file><book>BC_151_A2_1_042</book></page>
<page><file>A2_1_42_03254.JPG</file><book>BC_151_A2_1_042</book></page>
<page><file>A2_1_42_03255.JPG</file><book>BC_151_A2_1_042</book></page>
<page><file>A2_1_42_03256.JPG</file><book>BC_151_A2_1_042</book></page>
<page><file>A2_1_42_03257.JPG</file><book>BC_151_A2_1_042</book></page>
<page><file>A2_1_42_03258.JPG</file><book>BC_151_A2_1_042</book></page>
<page><file>A2_1_42_03259.JPG</file><book>BC_151_A2_1_042</book></page>
<page><file>A2_1_42_03260.JPG</file><book>BC_151_A2_1_042</book></page>
<page><file>A2_1_42_03261.JPG</file><book>BC_151_A2_1_042</book></page>
<page><file>A2_1_42_03262.JPG</file><book>BC_151_A2_1_042</book></page>
<page><file>A2_1_42_03263.JPG</file><book>BC_151_A2_1_042</book></page>
<page><file>A2_1_42_03264.JPG</file><book>BC_151_A2_1_042</book></page>
<page><file>A2_1_42_03265.JPG</file><book>BC_151_A2_1_042</book></page>
<page><file>A2_1_42_03266.JPG</file><book>BC_151_A2_1_042</book></page>
<page><file>A2_1_42_03267.JPG</file><book>BC_151_A2_1_042</book></page>
<page><file>A2_1_42_03268.JPG</file><book>BC_151_A2_1_042</book></page>
</item>
