<item type="story"><id>1093</id>
<collection>Lucy Lloyd !kun notebooks</collection>
<title>Purification after shooting a person</title>
<summary>An account of the procedure followed when a man kills another man. The man who has shot another does not eat or drink water for two days (he has &apos;done without two things&apos;). On the third day he performs a cleansing ritual, which is described in detail.</summary><comments>1) pp.9904v-9906v: a person&apos;s mother mourns her dead husband (he &apos;having killed much meat&apos;); their hearts are aching and the child seeks its father among the other people, but does not find him; &apos;we kill another person&apos; when &apos;our heart aches&apos;, 2) Tamme has added some notes to this story, 3) See also <i>What the man says while cleansing himself</i> and <i>The manner in which a man who is being cleansed, is prepared for drinking water </i>and <i>Further particulars regarding the purification or cleansing (|koa)</i>, 4) This story is found in Book XI &amp; XII-11</comments><date>5 – 24 August 1881</date><storypages>9903-9918</storypages><category>Custom and daily life</category><author>!nanni (XI)</author><keyword><kw>purification</kw><subkw>after shooting a person</subkw></keyword>
<keyword><kw>purification</kw><subkw>or |koa</subkw></keyword>
<keyword><kw>purification</kw><subkw>a ceremony</subkw></keyword>
<keyword><kw>purification</kw><subkw>the man does not eat or drink water for two days</subkw></keyword>
<keyword><kw>purification</kw><subkw>the cleansing food</subkw></keyword>
<keyword><kw>purification</kw><subkw>the role of the father, or father-in-law</subkw></keyword>
<keyword><kw>purification</kw><subkw>the man&apos;s father &apos;operates&apos; or cleanses him with water</subkw></keyword>
<keyword><kw>purification</kw><subkw>methods of preparing the |kui and the leaves</subkw></keyword>
<keyword><kw>purification</kw><subkw>the man must cleanse with food and leaves and not food alone</subkw></keyword>
<keyword><kw>purification</kw><subkw>a description of the cleansing process</subkw></keyword>
<keyword><kw>purification</kw><subkw>≠gua and ≠na leaves are used</subkw></keyword>
<keyword><kw>purification</kw><subkw>the cleansing preparation</subkw></keyword>
<keyword><kw>purification</kw><subkw>the use of two pots and two vessels</subkw></keyword>
<keyword><kw>purification</kw><subkw>the other people are fed from the cleansing food</subkw></keyword>
<keyword><kw>purification</kw><subkw>and the |kui fruit</subkw></keyword>
<keyword><kw>purification</kw><subkw>and the leaves of two trees</subkw></keyword>
<keyword><kw>purification</kw><subkw>after killing a person</subkw></keyword>
<keyword><kw>purification</kw><subkw>after shooting someone</subkw></keyword>
<keyword><kw>purification</kw><subkw>the cleansing fire</subkw></keyword>
<keyword><kw>purification</kw><subkw>the man sits on his kudu skin</subkw></keyword>
<keyword><kw>purification</kw><subkw>the man has &apos;done without two things&apos;</subkw></keyword>
<keyword><kw>death</kw><subkw>and purification after shooting and killing another person</subkw></keyword>
<keyword><kw>death</kw><subkw>and cleansing rituals</subkw></keyword>
<keyword><kw>water</kw><subkw>and purification after shooting a person</subkw></keyword>
<keyword><kw>water</kw><subkw>is not drunk for two days by the man to be cleansed</subkw></keyword>
<keyword><kw>water</kw><subkw>used to cleanse or &apos;operate&apos; the man to be cleansed</subkw></keyword>
<keyword><kw>skin</kw><subkw>the man to be cleansed sits on his of kudu</subkw></keyword>
<keyword><kw>skin</kw><subkw>and purification after shooting a person</subkw></keyword>
<keyword><kw>vessels</kw><subkw>for the purification ritual made from |hu wood</subkw></keyword>
<keyword><kw>vessels</kw><subkw>used for |kui fruit or food and cleansing leaves</subkw></keyword>
<keyword><kw>vessels</kw><subkw>used for the cleansing preparation</subkw></keyword>
<keyword><kw>fruit</kw><subkw>|kui</subkw></keyword>
<keyword><kw>fruit</kw><subkw>!kun name of</subkw></keyword>
<keyword><kw>fruit</kw><subkw>used for purification</subkw></keyword>
<keyword><kw>fruit</kw><subkw>is used in a cleansing preparation</subkw></keyword>
<keyword><kw>fruit</kw><subkw>is used to cleanse the body and is eaten afterwards</subkw></keyword>
<keyword><kw>fruit</kw><subkw>is prepared in cooking pots over a fire</subkw></keyword>
<keyword><kw>fruit</kw><subkw>is fed to the in-laws and other people after cleansing</subkw></keyword>
<keyword><kw>fruit</kw><subkw>is put in two vessels</subkw></keyword>
<keyword><kw>fruit</kw><subkw>is combined with the leaves of two trees</subkw></keyword>
<keyword><kw>pots</kw><subkw>used in preparing the cleansing preparation</subkw></keyword>
<keyword><kw>pots</kw><subkw>there is one for purifying and one for cooking food</subkw></keyword>
<keyword><kw>pots</kw><subkw>the insides are washed out after purification</subkw></keyword>
<keyword><kw>food</kw><subkw>prepared for purification</subkw></keyword>
<keyword><kw>food</kw><subkw>and the purification ceremony</subkw></keyword>
<keyword><kw>food</kw><subkw>cleansing with</subkw></keyword>
<keyword><kw>food</kw><subkw>the cleansing preparation</subkw></keyword>
<keyword><kw>food</kw><subkw>eaten in purification after shooting a person</subkw></keyword>
<keyword><kw>food</kw><subkw>plants used in cleansing preparation</subkw></keyword>
<keyword><kw>food</kw><subkw>cooking of cleansing food</subkw></keyword>
<keyword><kw>food</kw><subkw>eaten after a cleansing ceremony</subkw></keyword>
<keyword><kw>name</kw><subkw>of plants, fruit and trees used in the purification ritual</subkw></keyword>
<keyword><kw>name</kw><subkw>given by the !kun to purification ritual</subkw></keyword>
<keyword><kw>name</kw><subkw>purification or |koa</subkw></keyword>
<keyword><kw>name</kw><subkw>of wood used for making vessel used in the purification ritual</subkw></keyword>
<keyword><kw>father-in-law</kw><subkw>his role in the purification ceremony</subkw></keyword>
<keyword><kw>father-in-law</kw><subkw>and purification after shooting a person</subkw></keyword>
<keyword><kw>men</kw><subkw>the role of the father, or father-in-law in the purification ceremony</subkw></keyword>
<keyword><kw>men</kw><subkw>and purification after shooting a person</subkw></keyword>
<keyword><kw>fire</kw><subkw>the cleansing</subkw></keyword>
<keyword><kw>fire</kw><subkw>and purification after shooting a person</subkw></keyword>

<page><file>A2_1_119_09903.JPG</file><book>BC_151_A2_1_119</book></page>
<page><file>A2_1_119_09904.JPG</file><book>BC_151_A2_1_119</book></page>
<page><file>A2_1_119_09905.JPG</file><book>BC_151_A2_1_119</book></page>
<page><file>A2_1_119_09906.JPG</file><book>BC_151_A2_1_119</book></page>
<page><file>A2_1_119_09907.JPG</file><book>BC_151_A2_1_119</book></page>
<page><file>A2_1_119_09908.JPG</file><book>BC_151_A2_1_119</book></page>
<page><file>A2_1_119_09909.JPG</file><book>BC_151_A2_1_119</book></page>
<page><file>A2_1_119_09910.JPG</file><book>BC_151_A2_1_119</book></page>
<page><file>A2_1_119_09911.JPG</file><book>BC_151_A2_1_119</book></page>
<page><file>A2_1_119_09912.JPG</file><book>BC_151_A2_1_119</book></page>
<page><file>A2_1_119_09913.JPG</file><book>BC_151_A2_1_119</book></page>
<page><file>A2_1_119_09914.JPG</file><book>BC_151_A2_1_119</book></page>
<page><file>A2_1_119_09915.JPG</file><book>BC_151_A2_1_119</book></page>
<page><file>A2_1_119_09916.JPG</file><book>BC_151_A2_1_119</book></page>
<page><file>A2_1_119_09917.JPG</file><book>BC_151_A2_1_119</book></page>
<page><file>A2_1_119_09918.JPG</file><book>BC_151_A2_1_119</book></page>
</item>
