<item type="story"><id>104</id>
<collection>Wilhelm Bleek notebooks</collection>
<title>Personal history of prisoners</title>
<summary>Names, dates, details and physical descriptions and genealogies of |xam, including information about prisoners at the Breakwater Convict Station. </summary><comments>1) This story is found in Book XXIV</comments><date>5 August 1874 (started at South African Museum)</date><storypages>2337-2339</storypages><category>History (personal)</category><author>||kabbo (Jantje) (II)</author><keyword><kw>names</kw><subkw>of ||kabbo&apos;s relations</subkw></keyword>
<keyword><kw>names</kw><subkw>|xam names</subkw></keyword>
<keyword><kw>names</kw><subkw>Dutch names</subkw></keyword>
<keyword><kw>names</kw><subkw>of Dutch or &apos;Boers&apos;</subkw></keyword>
<keyword><kw>names</kw><subkw>of |xam</subkw></keyword>
<keyword><kw>names</kw><subkw>of places</subkw></keyword>
<keyword><kw>names</kw><subkw>of |xam prisoners</subkw></keyword>
<keyword><kw>names</kw><subkw>and personal history of prisoners</subkw></keyword>
<keyword><kw>prison</kw><subkw>numbers</subkw></keyword>
<keyword><kw>prison</kw><subkw>dates of sentencing</subkw></keyword>
<keyword><kw>prison</kw><subkw>the Breakwater Convict Station</subkw></keyword>
<keyword><kw>prison</kw><subkw>personal history of prisoners</subkw></keyword>
<keyword><kw>genealogy</kw><subkw>of |xam</subkw></keyword>
<keyword><kw>genealogy</kw><subkw>of |xam prisoners at the Breakwater Convict Station</subkw></keyword>
<keyword><kw>genealogy</kw><subkw>family trees</subkw></keyword>
<keyword><kw>genealogy</kw><subkw>and personal history of prisoners</subkw></keyword>
<keyword><kw>genealogy</kw><subkw>names of relations</subkw></keyword>
<keyword><kw>|xam</kw><subkw>names of groups</subkw></keyword>
<keyword><kw>|xam</kw><subkw>&apos;Bushman tribes&apos;</subkw></keyword>
<keyword><kw>|xam</kw><subkw>and personal history of prisoners</subkw></keyword>
<keyword><kw>places</kw><subkw>Kenhardt</subkw></keyword>
<keyword><kw>places</kw><subkw>in Bushmanland</subkw></keyword>
<keyword><kw>places</kw><subkw>and personal history of prisoners</subkw></keyword>
<keyword><kw>Hottentot</kw><subkw>and personal history of prisoners</subkw></keyword>
<keyword><kw>white man</kw><subkw>and personal history of prisoners</subkw></keyword>
<keyword><kw>white man</kw><subkw>masters</subkw></keyword>
<keyword><kw>Dutch</kw><subkw>&apos;Boers&apos;</subkw></keyword>
<keyword><kw>Dutch</kw><subkw>and personal history of prisoners</subkw></keyword>
<keyword><kw>Dutch</kw><subkw>masters</subkw></keyword>
<keyword><kw>||kabbo</kw><subkw>names of his relations</subkw></keyword>
<keyword><kw>||kabbo</kw><subkw>Oud Jantje</subkw></keyword>
<keyword><kw>||kabbo</kw><subkw>Jantje Toorm</subkw></keyword>
<keyword><kw>||kabbo</kw><subkw>his personal history</subkw></keyword>
<keyword><kw>||kabbo</kw><subkw>and personal history of prisoners</subkw></keyword>
<keyword><kw>personal history</kw><subkw>of ||kabbo</subkw></keyword>
<keyword><kw>personal history</kw><subkw>of |xam prisoners at the Breakwater Convict Station</subkw></keyword>
<keyword><kw>Breakwater Convict Station</kw><subkw>and personal history of prisoners held there</subkw></keyword>

<page><file>A1_4_24_02337.JPG</file><book>BC_151_A1_4_024</book></page>
<page><file>A1_4_24_02338.JPG</file><book>BC_151_A1_4_024</book></page>
<page><file>A1_4_24_02339.JPG</file><book>BC_151_A1_4_024</book></page>
</item>
