<item type="story"><id>50</id>
<collection>Wilhelm Bleek notebooks</collection>
<title>|kaggen (the Mantis) and the Moon: creation of the latter (version 2)</title>
<summary>The Moon is created from a long white wing-feather of the Ostrich. After |kaggen (the Mantis) breaks the eland&apos;s gall and it blinds him, he crawls, feeling his way to the place of the Ostrich, where he finds a feather. He throws it into the sky so that it may become the Moon and light the ground for him to see in the darkness.</summary><comments>1) p.997v: |han≠kass&apos;o heard this story from his maternal grandmother (≠kammi) and mother (|xabbi-an); a note on this version of the story;  |kaggen was formerly a man; a note on the eland&apos;s gall which belonged to the eland |kaggen had made, 2) p.998v: The vlei (or place ) where the ostrich play, eat, assemble and sleep, and its |xam name, 3) p.999v: note on the feather that comes from the wing of the bird (the ostrich), 4) This story is found in Book X</comments><date>25 October 1879 (started)</date><storypages>998-1002</storypages><category>|kaggen (the Mantis)</category><category>Celestial bodies and aeroscopy</category><author>|han≠kass'o (Klein Jantje) (VIII)</author><keyword><kw>creation</kw><subkw>of the Moon</subkw></keyword>
<keyword><kw>creation</kw><subkw>by |kaggen of the Moon</subkw></keyword>
<keyword><kw>creation</kw><subkw>of the Moon from an ostrich feather</subkw></keyword>
<keyword><kw>ostrich feather</kw><subkw>becomes the Moon</subkw></keyword>
<keyword><kw>ostrich feather</kw><subkw>|kaggen creates the Moon from</subkw></keyword>
<keyword><kw>|kaggen</kw><subkw>the Mantis</subkw></keyword>
<keyword><kw>|kaggen</kw><subkw>creates the Moon</subkw></keyword>
<keyword><kw>|kaggen</kw><subkw>is a &apos;devil&apos;</subkw></keyword>
<keyword><kw>|kaggen</kw><subkw>was formerly a man</subkw></keyword>
<keyword><kw>|kaggen</kw><subkw>and the eland&apos;s gall</subkw></keyword>
<keyword><kw>|kaggen</kw><subkw>pierces the gall</subkw></keyword>
<keyword><kw>|kaggen</kw><subkw>wets the feather</subkw></keyword>
<keyword><kw>|kaggen</kw><subkw>throws up the feather</subkw></keyword>
<keyword><kw>|kaggen</kw><subkw>and an ostrich feather</subkw></keyword>
<keyword><kw>eland&apos;s gall</kw><subkw>|kaggen creates the Moon from</subkw></keyword>
<keyword><kw>eland&apos;s gall</kw><subkw>is pierced</subkw></keyword>
<keyword><kw>eland&apos;s gall</kw><subkw>covers |kaggen&apos;s head</subkw></keyword>
<keyword><kw>eland&apos;s gall</kw><subkw>from an eland |kaggen created</subkw></keyword>
<keyword><kw>ostrich</kw><subkw>|kaggen and the creation of the Moon</subkw></keyword>
<keyword><kw>ostrich</kw><subkw>name of its place</subkw></keyword>
<keyword><kw>ostrich</kw><subkw>its feather of thrown in sky</subkw></keyword>
<keyword><kw>ostrich</kw><subkw>its feather becomes the Moon</subkw></keyword>
<keyword><kw>ostrich</kw><subkw>|kaggen creates the Moon from its feather</subkw></keyword>
<keyword><kw>Moon</kw><subkw>|kaggen creates</subkw></keyword>
<keyword><kw>Moon</kw><subkw>creation of</subkw></keyword>
<keyword><kw>Moon</kw><subkw>an ostrich feather becomes</subkw></keyword>
<keyword><kw>transformation</kw><subkw>|kaggen and the creation of the Moon</subkw></keyword>
<keyword><kw>transformation</kw><subkw>of an ostrich feather into the Moon</subkw></keyword>
<keyword><kw>feather</kw><subkw>creation of the Moon from an ostrich feather</subkw></keyword>
<keyword><kw>feather</kw><subkw>|kaggen creates the Moon from an one belonging to the ostrich</subkw></keyword>
<keyword><kw>eland</kw><subkw>its gall and the creation of the Moon</subkw></keyword>
<keyword><kw>eland</kw><subkw>|kaggen and the creation of the Moon</subkw></keyword>
<keyword><kw>eland</kw><subkw>gall from the one created by |kaggen</subkw></keyword>
<keyword><kw>creation</kw><subkw>of the Moon</subkw></keyword>
<keyword><kw>creation</kw><subkw>|kaggen and the Moon</subkw></keyword>
<keyword><kw>place</kw><subkw>of the Ostrich</subkw></keyword>
<keyword><kw>place</kw><subkw>|kaggen and the Moon</subkw></keyword>

<page><file>A1_4_10_00998.JPG</file><book>BC_151_A1_4_010</book></page>
<page><file>A1_4_10_00999.JPG</file><book>BC_151_A1_4_010</book></page>
<page><file>A1_4_10_01000.JPG</file><book>BC_151_A1_4_010</book></page>
<page><file>A1_4_10_01001.JPG</file><book>BC_151_A1_4_010</book></page>
<page><file>A1_4_10_01002.JPG</file><book>BC_151_A1_4_010</book></page>
</item>
