<item type="story"><id>2047</id>
<collection>Dorothea Bleek notebooks</collection>
<title>Dorothea Bleek - Book BC151_A3_023</title>
<summary>Notes made in Angola 1925. Words and sentences and personal history and history of the inhabitants of the area, and descriptions of objects and actions from daily life, as well as fragments relating to markings, and songs and dances. Most of the book is blank p.205-213.  </summary><comments>1) p.205: September 3rd 1925. Kayata at Kaiongo, sentences. 2) p.206: September 4th at huts. Names of people and history, DB&apos;s sketch on marks on woman&apos;s face, some history of Bushmen in the area, description of the contents of the huts, marking of the fetish stick, division of work, making of weapons.  3) Insert between pages 206v and 207, musical notation fragment of a song. 4) p.208v: Names of people and personal history eg. MsSambi at Kaiongo, making and sending water (sorcerers and the moon), singing to sun, moon and stars but not to the spirits. 5) p.21v: September 5th at the huts, Muba and others, names and personal history, a song about the water/Huwe, song about buck. 6) p.212: Gsngu, &apos;Bushmen have no stories&apos;, description of a dance. </comments><date>September_1925</date><storypages>205-213</storypages><category>Words and sentences</category><category>History (personal)</category><category>Custom and daily life</category><author>Kayata</author><author>Muba</author><author>Gsngu</author>
<page><file>A3_23_0205.JPG</file><book>BC_151_A3_23</book></page>
<page><file>A3_23_0206.JPG</file><book>BC_151_A3_23</book></page>
<page><file>A3_23_0207.JPG</file><book>BC_151_A3_23</book></page>
<page><file>A3_23_0208.JPG</file><book>BC_151_A3_23</book></page>
<page><file>A3_23_0209.JPG</file><book>BC_151_A3_23</book></page>
<page><file>A3_23_0210.JPG</file><book>BC_151_A3_23</book></page>
<page><file>A3_23_0211.JPG</file><book>BC_151_A3_23</book></page>
<page><file>A3_23_0212.JPG</file><book>BC_151_A3_23</book></page>
<page><file>A3_23_0213.JPG</file><book>BC_151_A3_23</book></page>
</item>
