<item type="story"><id>996</id>
<collection>Lucy Lloyd !kun notebooks</collection>
<title>What !nanni&apos;s father told him (what to eat and avoid)</title>
<summary>!nanni&apos;s father (|umma-tchi-gua) told him what to eat and what to avoid. !nanni&apos;s father had been instructed by his father (Karu) in the same matters.</summary><comments>1) See also <i>Food eaten by the !kun </i>and<i> Elephants (eating their hearts) </i>and<i> Food eaten by the !kun </i>and<i> Things eaten by the !kun </i>and<i> Animals eaten by the !kun</i>, 2) This story is found in Book XI &amp; XII-4</comments><date>18 –19 January 1880</date><storypages>9242-9244</storypages><category>History (personal)</category><category>Custom and daily life</category><author>!nanni (XI)</author><author>Tamme (XII)</author><keyword><kw>food</kw><subkw>what !nanni&apos;s father told him to eat and avoid</subkw></keyword>
<keyword><kw>food</kw><subkw>eaten by different groups of the !kun</subkw></keyword>
<keyword><kw>food</kw><subkw>eaten and avoided by !nanni and Tamme&apos;s people</subkw></keyword>
<keyword><kw>food</kw><subkw>plants and animals eaten by the !kun</subkw></keyword>
<keyword><kw>food</kw><subkw>avoided by the !kun</subkw></keyword>
<keyword><kw>food</kw><subkw>the eating of lion</subkw></keyword>
<keyword><kw>food</kw><subkw>the eating of hyena</subkw></keyword>
<keyword><kw>food</kw><subkw>and intoxication</subkw></keyword>
<keyword><kw>food</kw><subkw>feared by !nanni</subkw></keyword>
<keyword><kw>food</kw><subkw>teachings about</subkw></keyword>
<keyword><kw>plants</kw><subkw>eaten and avoided by the !kun</subkw></keyword>
<keyword><kw>plants</kw><subkw>names of</subkw></keyword>
<keyword><kw>animals</kw><subkw>eaten and avoided by the !kun</subkw></keyword>
<keyword><kw>animals</kw><subkw>eating hyena and lion</subkw></keyword>
<keyword><kw>animals</kw><subkw>names of</subkw></keyword>
<keyword><kw>intoxication</kw><subkw>and food eaten and avoided by !nanni and Tamme&apos;s people</subkw></keyword>
<keyword><kw>names</kw><subkw>of plants and animals eaten and avoided by the !kun</subkw></keyword>
<keyword><kw>names</kw><subkw>of !nanni&apos;s father</subkw></keyword>
<keyword><kw>names</kw><subkw>of !nanni&apos;s paternal grandfather</subkw></keyword>
<keyword><kw>lion</kw><subkw>eating of</subkw></keyword>
<keyword><kw>hyena</kw><subkw>eating of</subkw></keyword>
<keyword><kw>!nanni</kw><subkw>what his father told him to eat and avoid</subkw></keyword>
<keyword><kw>!nanni</kw><subkw>the names of his father and paternal grandfather</subkw></keyword>
<keyword><kw>personal history</kw><subkw>what !nanni&apos;s father told him to eat and avoid</subkw></keyword>
<keyword><kw>personal history</kw><subkw>the names of his father and paternal grandfather</subkw></keyword>

<page><file>A2_1_112_09242.JPG</file><book>BC_151_A2_1_112</book></page>
<page><file>A2_1_112_09243.JPG</file><book>BC_151_A2_1_112</book></page>
<page><file>A2_1_112_09244.JPG</file><book>BC_151_A2_1_112</book></page>
</item>
