<item type="story"><id>365</id>
<collection>Lucy Lloyd |xam notebooks</collection>
<title>Story of the Moon and the Hare: a version by ≠kasin</title>
<summary><i>The veritable Hottentot myth of the “Origin of Death” is told in the Katkop dialect by #kásin, whose father was a Hottentot; and, although the narrator says that he heard the story from his mother, a Bushwoman, its Hottentot origin can hardly be doubted.  Here, the Moon sends the Hare to men with the message of the renewal of life; but it reverses it into a message of death. The angered Moon then heats a stone, and burns the Hare’s mouth, causing the harelip. – ≠kásin told this story three times; –once in a very short version (B XXV. 2361–2364), secondly, in a little longer one (L IV.4. 3882-3885), and thirdly, in a still more extended one (L IV. –4. 3890–3900).</i> The Moon sends the Hare to tell the people who are ill that they will live again like he does. The Hare changes the Moon&apos;s words and tells the people that they will stay dead and vanish from the earth when they die. The angry Moon punishes the Hare by burning his mouth.</summary><comments>1) There are three versions of this story in this notebook (IV-4); see also <i>Story of the Moon and the Hare: a version at first by ≠kasin and then by Dia!kwain</i> and <i>Story of the Moon and the Hare: a version by Dia!kwain</i>, 2) p.3889v: this version of the story was told to ≠kasin by his mother (kwa ≠ko, a |xam woman), 3) p.3896v: the stone (which the Moon uses to burn the Hare&apos;s mouth) is used heated by the |xam to make arrows and called <i>Bui Klip</i> in Dutch, 4) This story is found in Book IV-4</comments><date>January 1874</date><storypages>3890-3900</storypages><category>Celestial bodies and aeroscopy</category><category>Custom and daily life</category><category>Artefact and dress</category><author>≠kasin (Klaas Katkop) (IV)</author><keyword><kw>Hare</kw><subkw>the Moon and the Hare: a version by ≠kasin</subkw></keyword>
<keyword><kw>Hare</kw><subkw>the Moon sends him to tell the people who are ill that they will live again like he does</subkw></keyword>
<keyword><kw>Hare</kw><subkw>is condemned or sentenced by Moon</subkw></keyword>
<keyword><kw>Hare</kw><subkw>gives an &apos;evil&apos; message</subkw></keyword>
<keyword><kw>Hare</kw><subkw>is punished by Moon</subkw></keyword>
<keyword><kw>Hare</kw><subkw>his mouth is burnt with a stone by Moon</subkw></keyword>
<keyword><kw>Hare</kw><subkw>alters Moon&apos;s message</subkw></keyword>
<keyword><kw>Hare</kw><subkw>accounting for nature and habits of hares</subkw></keyword>
<keyword><kw>Hare</kw><subkw>his fight with Moon</subkw></keyword>
<keyword><kw>Hare</kw><subkw>his speech</subkw></keyword>
<keyword><kw>Hare</kw><subkw>and death of people</subkw></keyword>
<keyword><kw>Hare</kw><subkw>and Moon</subkw></keyword>
<keyword><kw>Hare</kw><subkw>and creation of death</subkw></keyword>
<keyword><kw>Hare</kw><subkw>and resurrection</subkw></keyword>
<keyword><kw>Hare</kw><subkw>tells people they &apos;altogether die&apos;</subkw></keyword>
<keyword><kw>death</kw><subkw>the creation of</subkw></keyword>
<keyword><kw>death</kw><subkw>of people</subkw></keyword>
<keyword><kw>death</kw><subkw>of ill people</subkw></keyword>
<keyword><kw>death</kw><subkw>people will vanish and disappear</subkw></keyword>
<keyword><kw>death</kw><subkw>the Moon and the Hare: a version by ≠kasin</subkw></keyword>
<keyword><kw>death</kw><subkw>what Hare tells people about</subkw></keyword>
<keyword><kw>death</kw><subkw>and resurrection</subkw></keyword>
<keyword><kw>death</kw><subkw>people &apos;altogether&apos; die</subkw></keyword>
<keyword><kw>death</kw><subkw>the Moon lives again</subkw></keyword>
<keyword><kw>Moon</kw><subkw>condemns Hare</subkw></keyword>
<keyword><kw>Moon</kw><subkw>sends the Hare to tell the people who are ill that they will live again like he does</subkw></keyword>
<keyword><kw>Moon</kw><subkw>his message to people</subkw></keyword>
<keyword><kw>Moon</kw><subkw>punishes Hare</subkw></keyword>
<keyword><kw>Moon</kw><subkw>burns Hare&apos;s mouth</subkw></keyword>
<keyword><kw>Moon</kw><subkw>the Moon and the Hare: a version by ≠kasin</subkw></keyword>
<keyword><kw>Moon</kw><subkw>and death</subkw></keyword>
<keyword><kw>Moon</kw><subkw>resurrection of</subkw></keyword>
<keyword><kw>Moon</kw><subkw>lives again</subkw></keyword>
<keyword><kw>Moon</kw><subkw>waxes and wanes</subkw></keyword>
<keyword><kw>Moon</kw><subkw>and death of people</subkw></keyword>
<keyword><kw>creation</kw><subkw>of death</subkw></keyword>
<keyword><kw>creation</kw><subkw>the Moon and the Hare: a version by ≠kasin</subkw></keyword>
<keyword><kw>origin</kw><subkw>of death</subkw></keyword>
<keyword><kw>origin</kw><subkw>the Moon and the Hare: a version by ≠kasin</subkw></keyword>
<keyword><kw>fight</kw><subkw>between the Hare and the Moon</subkw></keyword>
<keyword><kw>fight</kw><subkw>the Moon and the Hare: a version by ≠kasin</subkw></keyword>
<keyword><kw>speech</kw><subkw>of the Hare about death</subkw></keyword>
<keyword><kw>speech</kw><subkw>the Moon and the Hare: a version by ≠kasin</subkw></keyword>

<page><file>A2_1_49_03890.JPG</file><book>BC_151_A2_1_049</book></page>
<page><file>A2_1_49_03891.JPG</file><book>BC_151_A2_1_049</book></page>
<page><file>A2_1_49_03892.JPG</file><book>BC_151_A2_1_049</book></page>
<page><file>A2_1_49_03893.JPG</file><book>BC_151_A2_1_049</book></page>
<page><file>A2_1_49_03894.JPG</file><book>BC_151_A2_1_049</book></page>
<page><file>A2_1_49_03895.JPG</file><book>BC_151_A2_1_049</book></page>
<page><file>A2_1_49_03896.JPG</file><book>BC_151_A2_1_049</book></page>
<page><file>A2_1_49_03897.JPG</file><book>BC_151_A2_1_049</book></page>
<page><file>A2_1_49_03898.JPG</file><book>BC_151_A2_1_049</book></page>
<page><file>A2_1_49_03899.JPG</file><book>BC_151_A2_1_049</book></page>
<page><file>A2_1_49_03900.JPG</file><book>BC_151_A2_1_049</book></page>
</item>
