<item type="story"><id>192</id>
<collection>Lucy Lloyd |xam notebooks</collection>
<title>The story of the Strandwolf and the Aardwolf and how they each marry their own kind (the Anteater&apos;s laws)</title>
<summary><i>This account </i>[of The Anteater, Springbok and Lynx]<i> is again followed by the Anteater’s laws concerning the habits of various animals, such as the jackal, the &apos;Löffelhund&apos; (Proteles), etc., who were, once upon a time, men.  (L II.-2. 323-356.) </i>The Strandwolf marries a Strandwolf and has Strandwolf children and they live in a &apos;hollow&apos;. The Aardwolf marries a She-Aardwolf and they have children. They live in the earth as they did when they were people.</summary><comments>1) See also <i>The Anteater, Springbok and Lynx</i> (||kabbo&apos;s version 1) and <i>The Anteater, Springbok and Lynx  (//kabbo&apos;s version 2)</i>, 2) This story is found in Book II-2</comments><date>1871</date><storypages>353-356</storypages><category>History (Early Race)</category><category>Plants and animals</category><author>||kabbo (Jantje) (II)</author><keyword><kw>Anteater&apos;s laws</kw><subkw>and story of Strandwolf and Aardwolf</subkw></keyword>
<keyword><kw>animals</kw><subkw>when they were people</subkw></keyword>
<keyword><kw>animals</kw><subkw>habits of</subkw></keyword>
<keyword><kw>animals</kw><subkw>marry own kind</subkw></keyword>
<keyword><kw>animals</kw><subkw>and Anteater&apos;s laws</subkw></keyword>
<keyword><kw>animals</kw><subkw>and story of Strandwolf and Aardwolf</subkw></keyword>
<keyword><kw>laws</kw><subkw>the Anteater&apos;s</subkw></keyword>
<keyword><kw>laws</kw><subkw>and story of Strandwolf and Aardwolf</subkw></keyword>
<keyword><kw>strandwolf</kw><subkw>and story of Strandwolf and Aardwolf</subkw></keyword>
<keyword><kw>strandwolf</kw><subkw>and Anteater&apos;s laws</subkw></keyword>
<keyword><kw>strandwolf</kw><subkw>habits of</subkw></keyword>
<keyword><kw>strandwolf</kw><subkw>marry own kind</subkw></keyword>
<keyword><kw>marriage</kw><subkw>of animals</subkw></keyword>
<keyword><kw>marriage</kw><subkw>and Anteater&apos;s laws</subkw></keyword>
<keyword><kw>marriage</kw><subkw>and story of Strandwolf and Aardwolf</subkw></keyword>
<keyword><kw>aardwolf</kw><subkw>or Proteles</subkw></keyword>
<keyword><kw>aardwolf</kw><subkw>and story of Strandwolf and Aardwolf</subkw></keyword>
<keyword><kw>aardwolf</kw><subkw>and Anteater&apos;s laws</subkw></keyword>
<keyword><kw>aardwolf</kw><subkw>habits of</subkw></keyword>
<keyword><kw>aardwolf</kw><subkw>marry own kind</subkw></keyword>
<keyword><kw>Proteles</kw><subkw>Aardwolf</subkw></keyword>
<keyword><kw>Proteles</kw><subkw>and Anteater&apos;s laws</subkw></keyword>
<keyword><kw>Proteles</kw><subkw>story of Strandwolf and Aardwolf</subkw></keyword>

<page><file>A2_1_8_00353.JPG</file><book>BC_151_A2_1_008</book></page>
<page><file>A2_1_8_00354.JPG</file><book>BC_151_A2_1_008</book></page>
<page><file>A2_1_8_00355.JPG</file><book>BC_151_A2_1_008</book></page>
<page><file>A2_1_8_00356.JPG</file><book>BC_151_A2_1_008</book></page>
</item>
