<item type="story"><id>706</id>
<collection>Lucy Lloyd |xam notebooks</collection>
<title>Doings of the springbok and springbok hunting</title>
<summary>The behaviour of male and female springbok and various hunting strategies.</summary><comments>1) An insert between pp.7249v &amp; 7250 contains notes on an ancient Japanese practice of divination using bones of an animal (shoulder blade of a deer), from the <i>Westminster Review</i> of July 1878; also includes quotations in German and notes the divination practices of other peoples also using animal bones, 2) p.7240v: (27 July 1878) a |xam reference to the male springbok&apos;s &apos;bitter&apos; kidneys and lack of fear (or &apos;understanding&apos;), 3) The springbok resemble the Milky Way when a white springbok is in the herd, 4) p.7241v: the name for a white springbok, 5) p.7245v: (28 July 1878) on herds in which white springboks are present, 6) p.7247v: the name of a springbok without young, 7) p.7249v: what different springbok are called, 8) p.7250v: (1 August 1878), 9) p.7251v: the name &apos;first-heads&apos; for a springbok, 10) p.7257v: see <i>!nanna-sse</i>, 11) p.7258v: (2 August 1878) on the blood clot that lies in the springbok&apos;s wound, 12) This story is found in Book VIII-14</comments><date>25 July – August 1878</date><storypages>7241-7259 (and an insert in between pp.7249v &amp; 7250)</storypages><category>Custom and daily life</category><category>Plants and animals</category><author>|han≠kass'o (Klein Jantje) (VIII)</author><keyword><kw>springbok</kw><subkw>doings of, and hunting</subkw></keyword>
<keyword><kw>springbok</kw><subkw>tactics in hunting</subkw></keyword>
<keyword><kw>springbok</kw><subkw>calling to</subkw></keyword>
<keyword><kw>springbok</kw><subkw>their actions when shot and wounded</subkw></keyword>
<keyword><kw>springbok</kw><subkw>&apos;first-heads&apos;</subkw></keyword>
<keyword><kw>springbok</kw><subkw>the growth of their horns</subkw></keyword>
<keyword><kw>springbok</kw><subkw>their young</subkw></keyword>
<keyword><kw>springbok</kw><subkw>the names for different</subkw></keyword>
<keyword><kw>springbok</kw><subkw>and exhausting arrows</subkw></keyword>
<keyword><kw>springbok</kw><subkw>startling and driving the herd</subkw></keyword>
<keyword><kw>springbok</kw><subkw>names of the parts of the herd</subkw></keyword>
<keyword><kw>springbok</kw><subkw>about the actions of the old rams who have &apos;bitter kidneys&apos; or no fear</subkw></keyword>
<keyword><kw>springbok</kw><subkw>how people address the herd</subkw></keyword>
<keyword><kw>springbok</kw><subkw>the herd or &apos;troop&apos;</subkw></keyword>
<keyword><kw>springbok</kw><subkw>the nature and habits of</subkw></keyword>
<keyword><kw>springbok</kw><subkw>methods of shooting</subkw></keyword>
<keyword><kw>springbok</kw><subkw>making them lie down and die</subkw></keyword>
<keyword><kw>springbok</kw><subkw>making good wounds</subkw></keyword>
<keyword><kw>springbok</kw><subkw>the clot in the wound</subkw></keyword>
<keyword><kw>springbok</kw><subkw>the composition of the herd</subkw></keyword>
<keyword><kw>springbok</kw><subkw>male and female</subkw></keyword>
<keyword><kw>springbok</kw><subkw>resemble the Milky Way</subkw></keyword>
<keyword><kw>springbok</kw><subkw>the white</subkw></keyword>
<keyword><kw>springbok</kw><subkw>a herd when a white one is present</subkw></keyword>
<keyword><kw>springbok</kw><subkw>small and large herds</subkw></keyword>
<keyword><kw>springbok</kw><subkw>their actions when shot</subkw></keyword>
<keyword><kw>springbok</kw><subkw>try and dislodge the arrow</subkw></keyword>
<keyword><kw>springbok</kw><subkw>places to shoot on their bodies</subkw></keyword>
<keyword><kw>Milky Way</kw><subkw>springbok resemble</subkw></keyword>
<keyword><kw>Milky Way</kw><subkw>doings of the springbok and springbok hunting</subkw></keyword>
<keyword><kw>hunting</kw><subkw>doings of the springbok and</subkw></keyword>
<keyword><kw>hunting</kw><subkw>making good wounds when</subkw></keyword>
<keyword><kw>hunting</kw><subkw>calling the springbok</subkw></keyword>
<keyword><kw>hunting</kw><subkw>lying in wait behind screens of bushes</subkw></keyword>
<keyword><kw>hunting</kw><subkw>and &apos;possessing&apos; arrows</subkw></keyword>
<keyword><kw>hunting</kw><subkw>roles played by the men and women</subkw></keyword>
<keyword><kw>hunting</kw><subkw>and startling the herd of springbok</subkw></keyword>
<keyword><kw>hunting</kw><subkw>methods of driving springbok</subkw></keyword>
<keyword><kw>hunting</kw><subkw>exhausting arrows</subkw></keyword>
<keyword><kw>hunting</kw><subkw>making the springbok &apos;lie down&apos; and die</subkw></keyword>
<keyword><kw>hunting</kw><subkw>and the springbok&apos;s &apos;wound&apos;s clot&apos;</subkw></keyword>
<keyword><kw>death</kw><subkw>of springbok</subkw></keyword>
<keyword><kw>death</kw><subkw>making a good wound</subkw></keyword>
<keyword><kw>death</kw><subkw>and the &apos;wound&apos;s clot&apos; or &apos;blood clot&apos;</subkw></keyword>
<keyword><kw>death</kw><subkw>making the springbok &apos;lie down&apos; and die</subkw></keyword>
<keyword><kw>death</kw><subkw>doings of the springbok and springbok hunting</subkw></keyword>
<keyword><kw>lie down</kw><subkw>and the &apos;blood clot&apos;</subkw></keyword>
<keyword><kw>lie down</kw><subkw>making the springbok die from its wounds</subkw></keyword>
<keyword><kw>wound</kw><subkw>making game die from a good</subkw></keyword>
<keyword><kw>wound</kw><subkw>and the &apos;wound&apos;s clot&apos; or &apos;blood clot&apos;</subkw></keyword>
<keyword><kw>wound</kw><subkw>making the springbok &apos;lie down&apos; and die</subkw></keyword>
<keyword><kw>wound</kw><subkw>doings of the springbok and springbok hunting</subkw></keyword>
<keyword><kw>arrows</kw><subkw>&apos;possessing&apos;</subkw></keyword>
<keyword><kw>arrows</kw><subkw>exhausting when hunting springbok</subkw></keyword>
<keyword><kw>arrows</kw><subkw>shot springbok try and dislodge</subkw></keyword>
<keyword><kw>arrows</kw><subkw>places to shoot springbok on their bodies</subkw></keyword>
<keyword><kw>arrows</kw><subkw>doings of the springbok and springbok hunting</subkw></keyword>
<keyword><kw>blood clot</kw><subkw>the &apos;wound&apos;s clot&apos;</subkw></keyword>
<keyword><kw>blood clot</kw><subkw>making a good wound</subkw></keyword>
<keyword><kw>blood clot</kw><subkw>making the springbok &apos;lie down&apos; and die</subkw></keyword>
<keyword><kw>blood clot</kw><subkw>doings of the springbok and springbok hunting</subkw></keyword>
<keyword><kw>names</kw><subkw>of different springbok in the herd</subkw></keyword>
<keyword><kw>names</kw><subkw>of arrows</subkw></keyword>
<keyword><kw>names</kw><subkw>of the parts of the herd</subkw></keyword>
<keyword><kw>names</kw><subkw>doings of the springbok and springbok hunting</subkw></keyword>
<keyword><kw>addressing</kw><subkw>and calling the herd</subkw></keyword>
<keyword><kw>addressing</kw><subkw>doings of the springbok and springbok hunting</subkw></keyword>
<keyword><kw>women</kw><subkw>role they play in hunting springbok</subkw></keyword>
<keyword><kw>women</kw><subkw>doings of the springbok and springbok hunting</subkw></keyword>

<page><file>A2_1_89_07241.JPG</file><book>BC_151_A2_1_089</book></page>
<page><file>A2_1_89_07242.JPG</file><book>BC_151_A2_1_089</book></page>
<page><file>A2_1_89_07243.JPG</file><book>BC_151_A2_1_089</book></page>
<page><file>A2_1_89_07244.JPG</file><book>BC_151_A2_1_089</book></page>
<page><file>A2_1_89_07245.JPG</file><book>BC_151_A2_1_089</book></page>
<page><file>A2_1_89_07246.JPG</file><book>BC_151_A2_1_089</book></page>
<page><file>A2_1_89_07247.JPG</file><book>BC_151_A2_1_089</book></page>
<page><file>A2_1_89_07248.JPG</file><book>BC_151_A2_1_089</book></page>
<page><file>A2_1_89_07249.JPG</file><book>BC_151_A2_1_089</book></page>
<page><file>A2_1_89_07250.JPG</file><book>BC_151_A2_1_089</book></page>
<page><file>A2_1_89_07251.JPG</file><book>BC_151_A2_1_089</book></page>
<page><file>A2_1_89_07252.JPG</file><book>BC_151_A2_1_089</book></page>
<page><file>A2_1_89_07253.JPG</file><book>BC_151_A2_1_089</book></page>
<page><file>A2_1_89_07254.JPG</file><book>BC_151_A2_1_089</book></page>
<page><file>A2_1_89_07255.JPG</file><book>BC_151_A2_1_089</book></page>
<page><file>A2_1_89_07256.JPG</file><book>BC_151_A2_1_089</book></page>
<page><file>A2_1_89_07257.JPG</file><book>BC_151_A2_1_089</book></page>
<page><file>A2_1_89_07258.JPG</file><book>BC_151_A2_1_089</book></page>
<page><file>A2_1_89_07259.JPG</file><book>BC_151_A2_1_089</book></page>
<page><file>A2_1_89_INSFT.JPG</file><book>BC_151_A2_1_089</book></page>
<page><file>A2_1_89_INSBK.JPG</file><book>BC_151_A2_1_089</book></page>
</item>
