<item type="story"><id>998</id>
<collection>Lucy Lloyd !kun notebooks</collection>
<title>!nanni&apos;s father&apos;s dress</title>
<summary>!nanni&apos;s father wore a back-dress of genet (or sua). He also wore a back-dress of weasel (or muishond, or dda). He wore a front-dress of ||ko. When he goes away he hangs up the back-dress.</summary><comments>1) This story is found in Book XI &amp; XII-4</comments><date>20 January 1880</date><storypages>9250-9251</storypages><category>Artefact and dress</category><category>History (personal)</category><author>!nanni (XI)</author><keyword><kw>dress</kw><subkw>worn by !nanni&apos;s father</subkw></keyword>
<keyword><kw>dress</kw><subkw>worn by !kun men</subkw></keyword>
<keyword><kw>dress</kw><subkw>the back-dress</subkw></keyword>
<keyword><kw>dress</kw><subkw>the front-dress</subkw></keyword>
<keyword><kw>dress</kw><subkw>made of weasel</subkw></keyword>
<keyword><kw>dress</kw><subkw>made of genet</subkw></keyword>
<keyword><kw>dress</kw><subkw>the skins used to make</subkw></keyword>
<keyword><kw>dress</kw><subkw>actions performed with</subkw></keyword>
<keyword><kw>!nanni</kw><subkw>what his father wore</subkw></keyword>
<keyword><kw>skins</kw><subkw>used to make !kun back- and front-dress</subkw></keyword>
<keyword><kw>skins</kw><subkw>of genet, or sua</subkw></keyword>
<keyword><kw>skins</kw><subkw>of weasel, muishond or dda</subkw></keyword>
<keyword><kw>skins</kw><subkw>of ||ko</subkw></keyword>
<keyword><kw>genet</kw><subkw>and dress worn by !nanni&apos;s father</subkw></keyword>
<keyword><kw>genet</kw><subkw>back-dress</subkw></keyword>
<keyword><kw>weasel</kw><subkw>muishond or dda</subkw></keyword>
<keyword><kw>weasel</kw><subkw>and dress worn by !nanni&apos;s father</subkw></keyword>
<keyword><kw>weasel</kw><subkw>back-dress</subkw></keyword>
<keyword><kw>||ko</kw><subkw>and dress worn by !nanni&apos;s father</subkw></keyword>
<keyword><kw>||ko</kw><subkw>front-dress</subkw></keyword>
<keyword><kw>!kun</kw><subkw>men, dress of</subkw></keyword>
<keyword><kw>men</kw><subkw>!kun, their dress</subkw></keyword>
<keyword><kw>animals</kw><subkw>skins of, worn by !kun men</subkw></keyword>
<keyword><kw>animals</kw><subkw>!kun names of</subkw></keyword>
<keyword><kw>names</kw><subkw>of animals, skins of which worn by !kun men</subkw></keyword>

<page><file>A2_1_112_09250.JPG</file><book>BC_151_A2_1_112</book></page>
<page><file>A2_1_112_09251.JPG</file><book>BC_151_A2_1_112</book></page>
</item>
