<item type="story"><id>566</id>
<collection>Lucy Lloyd |xam notebooks</collection>
<title>Fragment of a story about the old man, the little Hare and the travelling Lions</title>
<summary><i>The Old Man, the Little Hare, and the Lions. Related by ≠giri–sse (L VII.-1. 6032-6040, partly translated). A fragment of the above story was also related by ≠giri–sse (L VII.-1. 6031). Explanatory note in the Katkop dialect, by Díä!kwãin (L VII.-1. 6031 rev. and 6032 rev.).</i> The old man tells the Hare to tell the people who travel past his house to travel below the mountain, because he cannot escape on his leg. The Lions come near the old man&apos;s house because they are hungry and the old man tells the Lions to catch and eat the Hare, which runs away. The old man cuts off his bad leg and calls for mist (|<i>kumm</i>) to come to the &apos;killing place&apos; as he hops away from the Lions. </summary><comments>1) This story starts on p.6031 with a fragment of the account and picks up again on p.6032, 2) ≠girri-sse is also spelt ≠giri-sse and ≠gerri-sse, 3) p.6031 opp: this story was told to ≠gerri-sse by his mother (!kwarra-an, see also <i>The story of a sorceress; that which she did when the Kafir had hurt my throat, she &apos;snored&apos; me, when my throat was swollen</i>), 4) p.6031v: genealogical information about |han≠kass&apos;o ; included are the names of some of his relations, 5) The explanatory notes for this story were given by Dia!kwain, 6) p.6039v: the name of the mist in the song is |<i>kumm</i> (according to both ≠gerri-sse and Dia!kwain), 7) See also <i>The old man&apos;s song</i>, 8) This story is found in Book VII-1</comments><date>21 November 1875 (started)</date><storypages>6031-6040</storypages><category>History (Early Race)</category><author>≠gerri-sse (Jan Ronebout)</author><keyword><kw>mist</kw><subkw>called |kumm</subkw></keyword>
<keyword><kw>mist</kw><subkw>a song to</subkw></keyword>
<keyword><kw>mist</kw><subkw>the old man calls to</subkw></keyword>
<keyword><kw>mist</kw><subkw>that comes to the &apos;killing place&apos;</subkw></keyword>
<keyword><kw>mist</kw><subkw>and the old man, the Hare and the party of Lions</subkw></keyword>
<keyword><kw>mist</kw><subkw>name of</subkw></keyword>
<keyword><kw>old man</kw><subkw>who ran on one leg</subkw></keyword>
<keyword><kw>old man</kw><subkw>and his escape from the Lions</subkw></keyword>
<keyword><kw>old man</kw><subkw>and the little Hare and the travelling Lions</subkw></keyword>
<keyword><kw>old man</kw><subkw>who cut off his leg and hops away from the Lions</subkw></keyword>
<keyword><kw>old man</kw><subkw>calls the mist</subkw></keyword>
<keyword><kw>Lions</kw><subkw>the old man, the little Hare and the travelling</subkw></keyword>
<keyword><kw>Lions</kw><subkw>and the old man who cut off his leg</subkw></keyword>
<keyword><kw>Hare</kw><subkw>and the old man who cut off his leg</subkw></keyword>
<keyword><kw>Hare</kw><subkw>the old man instructs</subkw></keyword>
<keyword><kw>Hare</kw><subkw>and the travelling parties</subkw></keyword>
<keyword><kw>Hare</kw><subkw>and travelling party of Lions</subkw></keyword>
<keyword><kw>Hare</kw><subkw>the old man, the little Hare and the travelling Lions</subkw></keyword>
<keyword><kw>travelling party</kw><subkw>or trekkers</subkw></keyword>
<keyword><kw>travelling party</kw><subkw>of Lion&apos;s</subkw></keyword>
<keyword><kw>travelling party</kw><subkw>the Hartebeest&apos;s</subkw></keyword>
<keyword><kw>travelling party</kw><subkw>the old man, the little Hare and the travelling Lions</subkw></keyword>
<keyword><kw>Hartebeest</kw><subkw>travelling party of</subkw></keyword>
<keyword><kw>Hartebeest</kw><subkw>the old man, the little Hare and the travelling Lions</subkw></keyword>
<keyword><kw>name</kw><subkw>a mist called |kumm</subkw></keyword>
<keyword><kw>name</kw><subkw>the old man, the little Hare and the travelling Lions</subkw></keyword>
<keyword><kw>song</kw><subkw>to the mist called |kumm</subkw></keyword>
<keyword><kw>song</kw><subkw>the old man calls or sings to the mist</subkw></keyword>
<keyword><kw>song</kw><subkw>and the old man, the Hare and the party of Lions</subkw></keyword>

<page><file>A2_1_75_06031.JPG</file><book>BC_151_A2_1_075</book></page>
<page><file>A2_1_75_06032.JPG</file><book>BC_151_A2_1_075</book></page>
<page><file>A2_1_75_06033.JPG</file><book>BC_151_A2_1_075</book></page>
<page><file>A2_1_75_06034.JPG</file><book>BC_151_A2_1_075</book></page>
<page><file>A2_1_75_06035.JPG</file><book>BC_151_A2_1_075</book></page>
<page><file>A2_1_75_06036.JPG</file><book>BC_151_A2_1_075</book></page>
<page><file>A2_1_75_06037.JPG</file><book>BC_151_A2_1_075</book></page>
<page><file>A2_1_75_06038.JPG</file><book>BC_151_A2_1_075</book></page>
<page><file>A2_1_75_06039.JPG</file><book>BC_151_A2_1_075</book></page>
<page><file>A2_1_75_06040.JPG</file><book>BC_151_A2_1_075</book></page>
</item>
