<item type="story"><id>991</id>
<collection>Lucy Lloyd !kun notebooks</collection>
<title>The little elephant (which fell into the game pit but did not die)</title>
<summary>A little elephant falls into a game pit. It does not die because the mother elephant pulls it out.</summary><comments>1) See also <i>The little elephant</i>, 2) This story is found in Book XI &amp; XII-4</comments><date>13 January 1880</date><storypages>9233</storypages><category>Plants and animals</category><author>!nanni (XI)</author><author>Tamme (XII)</author><keyword><kw>elephant</kw><subkw>little</subkw></keyword>
<keyword><kw>elephant</kw><subkw>-mother</subkw></keyword>
<keyword><kw>elephant</kw><subkw>falls into a game pit</subkw></keyword>
<keyword><kw>elephant</kw><subkw>-mother pulls her young out of the game pit</subkw></keyword>
<keyword><kw>elephant</kw><subkw>and the game pit</subkw></keyword>
<keyword><kw>game pit</kw><subkw>and the elephants</subkw></keyword>
<keyword><kw>pit</kw><subkw>game-</subkw></keyword>
<keyword><kw>pit</kw><subkw>and the elephants</subkw></keyword>

<page><file>A2_1_112_09233.JPG</file><book>BC_151_A2_1_112</book></page>
</item>
