<item type="story"><id>66</id>
<collection>Wilhelm Bleek notebooks</collection>
<title>Moon and little Hare (includes: The Moon&apos;s speech)</title>
<summary>In<i> [this] version [of the origin of death] (given by |a!kúnta, and apparently unfinished) the Moon appears, at one time, to tell the little Hare that his mother will come to life again, and that, therefore, he need not cry;  but the little Hare does not believe, and continues to cry, saying that the Moon is deceiving him. The Moon upon this becomes angry, and threatens to beat his mouth. Towards the end of the story, there is some Moon and Hare language, with its peculiar click; and also some remarks upon the mode of pronouncing it. (B XV. 1403–1482) The Moon tells the little Hare to stop crying over his mother&apos;s death as she will come back to life the next day. The Moon tells the story of the resurrection of the He-Ostrich and of the new Moon after it was stabbed by the Sun. He also talks of the death of animals and people (those who dwell on the earth) as well as the speech of different animals, people and the Moon. The little Hare contradicts the Moon who tells him he is foolish. The little Hare tells the Moon that he tells the stories his mother has taught him. The Moon says he is the only one who understands, because he is the Moon, and speaks nicely whereas all others speak their own languages. (This story includes a section called The Moon&apos;s speech: pp.1469-1482) </i></summary><comments>1) p.1468v: notes on clicks, including the one made by the Moon, 2) p.1470v: the Anteater, the Hare and the Moon all speak in an &apos;ugly manner&apos;, 3) This story is found in Book XV</comments><date>12 March (started), to April 1873</date><storypages>1403-1482</storypages><category>Celestial bodies and aeroscopy</category><author>|a!kunta (Stoffel) (I)</author><keyword><kw>Moon</kw><subkw>Moon and little Hare</subkw></keyword>
<keyword><kw>Moon</kw><subkw>The Moon&apos;s speech</subkw></keyword>
<keyword><kw>Moon</kw><subkw>&apos;understands&apos;</subkw></keyword>
<keyword><kw>Moon</kw><subkw>&apos;knows all stories&apos;</subkw></keyword>
<keyword><kw>Moon</kw><subkw>speaks shoe&apos;s language</subkw></keyword>
<keyword><kw>Moon</kw><subkw>beats the little Hare&apos;s mouth</subkw></keyword>
<keyword><kw>Moon</kw><subkw>and the origin of death</subkw></keyword>
<keyword><kw>Moon</kw><subkw>speech of</subkw></keyword>
<keyword><kw>Moon</kw><subkw>is |kaggen&apos;s shoe</subkw></keyword>
<keyword><kw>Moon</kw><subkw>deceives</subkw></keyword>
<keyword><kw>Moon</kw><subkw>actions of</subkw></keyword>
<keyword><kw>Moon</kw><subkw>doings of</subkw></keyword>
<keyword><kw>Moon</kw><subkw>new</subkw></keyword>
<keyword><kw>Moon</kw><subkw>stabbed by the Sun</subkw></keyword>
<keyword><kw>Moon</kw><subkw>resurrection of</subkw></keyword>
<keyword><kw>Moon</kw><subkw>dies and comes again</subkw></keyword>
<keyword><kw>Moon</kw><subkw>stomach of</subkw></keyword>
<keyword><kw>Moon</kw><subkw>colour of</subkw></keyword>
<keyword><kw>Moon</kw><subkw>spoor of</subkw></keyword>
<keyword><kw>Moon</kw><subkw>speaks with side of tongue</subkw></keyword>
<keyword><kw>Hare</kw><subkw>Moon and little Hare</subkw></keyword>
<keyword><kw>Hare</kw><subkw>the little</subkw></keyword>
<keyword><kw>Hare</kw><subkw>and death</subkw></keyword>
<keyword><kw>Hare</kw><subkw>and the origin of death</subkw></keyword>
<keyword><kw>Hare</kw><subkw>mother of is dead</subkw></keyword>
<keyword><kw>Hare</kw><subkw>actions of</subkw></keyword>
<keyword><kw>Hare</kw><subkw>doings of</subkw></keyword>
<keyword><kw>Hare</kw><subkw>is clever</subkw></keyword>
<keyword><kw>Hare</kw><subkw>is &apos;grown-up&apos;</subkw></keyword>
<keyword><kw>Hare</kw><subkw>contradicts the Moon</subkw></keyword>
<keyword><kw>Hare</kw><subkw>called foolish by the Moon</subkw></keyword>
<keyword><kw>Hare</kw><subkw>appearance of</subkw></keyword>
<keyword><kw>Hare</kw><subkw>becomes an orphan</subkw></keyword>
<keyword><kw>Hare</kw><subkw>does not listen</subkw></keyword>
<keyword><kw>Hare</kw><subkw>cries for its dead mother</subkw></keyword>
<keyword><kw>Hare</kw><subkw>mouth of beaten by the Moon</subkw></keyword>
<keyword><kw>Hare</kw><subkw>language of</subkw></keyword>
<keyword><kw>Hare</kw><subkw>speech of</subkw></keyword>
<keyword><kw>Hare</kw><subkw>speaks with tongue</subkw></keyword>
<keyword><kw>mother Hare</kw><subkw>Moon and little Hare</subkw></keyword>
<keyword><kw>mother Hare</kw><subkw>death of</subkw></keyword>
<keyword><kw>mother Hare</kw><subkw>resurrection of</subkw></keyword>
<keyword><kw>mother Hare</kw><subkw>speech or language of</subkw></keyword>
<keyword><kw>resurrection</kw><subkw>the Moon and the little Hare</subkw></keyword>
<keyword><kw>resurrection</kw><subkw>of animals</subkw></keyword>
<keyword><kw>resurrection</kw><subkw>of the Moon</subkw></keyword>
<keyword><kw>resurrection</kw><subkw>of the Ostrich</subkw></keyword>
<keyword><kw>resurrection</kw><subkw>and the mother Hare</subkw></keyword>
<keyword><kw>resurrection</kw><subkw>of people</subkw></keyword>
<keyword><kw>death</kw><subkw>the Moon and the little Hare</subkw></keyword>
<keyword><kw>death</kw><subkw>the origin of</subkw></keyword>
<keyword><kw>death</kw><subkw>animals that die</subkw></keyword>
<keyword><kw>death</kw><subkw>of flesh</subkw></keyword>
<keyword><kw>death</kw><subkw>of animals that people eat</subkw></keyword>
<keyword><kw>death</kw><subkw>of &apos;food animals&apos;</subkw></keyword>
<keyword><kw>death</kw><subkw>of the mother Hare</subkw></keyword>
<keyword><kw>death</kw><subkw>of people</subkw></keyword>
<keyword><kw>death</kw><subkw>of man</subkw></keyword>
<keyword><kw>death</kw><subkw>of animals</subkw></keyword>
<keyword><kw>death</kw><subkw>and resurrection</subkw></keyword>
<keyword><kw>death</kw><subkw>of those who dwell on the earth</subkw></keyword>
<keyword><kw>Sun</kw><subkw>kills the Moon</subkw></keyword>
<keyword><kw>Sun</kw><subkw>the Moon and the little Hare and</subkw></keyword>
<keyword><kw>Ostrich</kw><subkw>resurrection of</subkw></keyword>
<keyword><kw>Ostrich</kw><subkw>the Moon and the little Hare and</subkw></keyword>
<keyword><kw>Ostrich</kw><subkw>male</subkw></keyword>
<keyword><kw>Ostrich</kw><subkw>He-Ostrich</subkw></keyword>
<keyword><kw>Ostrich</kw><subkw>feather becomes</subkw></keyword>
<keyword><kw>Wind</kw><subkw>the Moon and the little Hare and</subkw></keyword>
<keyword><kw>Wind</kw><subkw>blows the Ostrich feather</subkw></keyword>
<keyword><kw>Wind</kw><subkw>resurrection of the Ostrich and</subkw></keyword>
<keyword><kw>feather</kw><subkw>resurrection of the Ostrich and</subkw></keyword>
<keyword><kw>feather</kw><subkw>the Moon and the little Hare and</subkw></keyword>
<keyword><kw>feather</kw><subkw>becomes the Ostrich</subkw></keyword>
<keyword><kw>flesh</kw><subkw>the Moon and the little Hare and</subkw></keyword>
<keyword><kw>flesh</kw><subkw>death of</subkw></keyword>
<keyword><kw>flesh</kw><subkw>of food animals</subkw></keyword>
<keyword><kw>food animals</kw><subkw>death of</subkw></keyword>
<keyword><kw>food animals</kw><subkw>the Moon and the little Hare and</subkw></keyword>
<keyword><kw>shoe</kw><subkw>the Moon and the little Hare and</subkw></keyword>
<keyword><kw>shoe</kw><subkw>language of</subkw></keyword>
<keyword><kw>shoe</kw><subkw>|kaggen&apos;s veldskoen</subkw></keyword>
<keyword><kw>creation</kw><subkw>of the Moon from |kaggen&apos;s shoe</subkw></keyword>
<keyword><kw>creation</kw><subkw>the Moon and the little Hare and</subkw></keyword>
<keyword><kw>creation</kw><subkw>of death</subkw></keyword>
<keyword><kw>|kaggen</kw><subkw>the Mantis</subkw></keyword>
<keyword><kw>|kaggen</kw><subkw>creation of the Moon and</subkw></keyword>
<keyword><kw>|kaggen</kw><subkw>his shoe becomes the Moon</subkw></keyword>
<keyword><kw>transformation</kw><subkw>of |kaggen&apos;s shoe into the Moon</subkw></keyword>
<keyword><kw>transformation</kw><subkw>of a feather into the Ostrich</subkw></keyword>
<keyword><kw>transformation</kw><subkw>and the Moon and the little Hare</subkw></keyword>
<keyword><kw>speech</kw><subkw>the Moon&apos;s</subkw></keyword>
<keyword><kw>speech</kw><subkw>used by the Moon</subkw></keyword>
<keyword><kw>speech</kw><subkw>of certain animals and the Moon</subkw></keyword>
<keyword><kw>speech</kw><subkw>special</subkw></keyword>
<keyword><kw>speech</kw><subkw>the Hare&apos;s</subkw></keyword>
<keyword><kw>speech</kw><subkw>&apos;nice&apos;</subkw></keyword>
<keyword><kw>speech</kw><subkw>&apos;ugly&apos;</subkw></keyword>
<keyword><kw>speech</kw><subkw>language spoken by animals</subkw></keyword>
<keyword><kw>speech</kw><subkw>different types of</subkw></keyword>
<keyword><kw>speech</kw><subkw>the Moon and the little Hare and</subkw></keyword>
<keyword><kw>speech</kw><subkw>of animals</subkw></keyword>
<keyword><kw>speech</kw><subkw>of |kaggen&apos;s shoe</subkw></keyword>
<keyword><kw>speech</kw><subkw>the Moon speaks the shoe&apos;s language</subkw></keyword>
<keyword><kw>veldskoen</kw><subkw>|kaggen&apos;s shoe</subkw></keyword>
<keyword><kw>veldskoen</kw><subkw>and the Moon and the little Hare</subkw></keyword>
<keyword><kw>veldskoen</kw><subkw>and the creation of the Moon</subkw></keyword>
<keyword><kw>animals</kw><subkw>eaten as food</subkw></keyword>
<keyword><kw>animals</kw><subkw>speech of</subkw></keyword>
<keyword><kw>animals</kw><subkw>death and resurrection of</subkw></keyword>
<keyword><kw>animals</kw><subkw>and the Moon and the little Hare</subkw></keyword>
<keyword><kw>understanding</kw><subkw>the Moon is the only one who understands</subkw></keyword>
<keyword><kw>understanding</kw><subkw>and the actions of grown-ups</subkw></keyword>
<keyword><kw>understanding</kw><subkw>the Moon &apos;knows all stories&apos;</subkw></keyword>
<keyword><kw>understanding</kw><subkw>of the little Hare</subkw></keyword>
<keyword><kw>understanding</kw><subkw>and the Moon and the little Hare</subkw></keyword>

<page><file>A1_4_15_01403.JPG</file><book>BC_151_A1_4_015</book></page>
<page><file>A1_4_15_01404.JPG</file><book>BC_151_A1_4_015</book></page>
<page><file>A1_4_15_01405.JPG</file><book>BC_151_A1_4_015</book></page>
<page><file>A1_4_15_01406.JPG</file><book>BC_151_A1_4_015</book></page>
<page><file>A1_4_15_01407.JPG</file><book>BC_151_A1_4_015</book></page>
<page><file>A1_4_15_01408.JPG</file><book>BC_151_A1_4_015</book></page>
<page><file>A1_4_15_01409.JPG</file><book>BC_151_A1_4_015</book></page>
<page><file>A1_4_15_01410.JPG</file><book>BC_151_A1_4_015</book></page>
<page><file>A1_4_15_01411.JPG</file><book>BC_151_A1_4_015</book></page>
<page><file>A1_4_15_01412.JPG</file><book>BC_151_A1_4_015</book></page>
<page><file>A1_4_15_01413.JPG</file><book>BC_151_A1_4_015</book></page>
<page><file>A1_4_15_01414.JPG</file><book>BC_151_A1_4_015</book></page>
<page><file>A1_4_15_01415.JPG</file><book>BC_151_A1_4_015</book></page>
<page><file>A1_4_15_01416.JPG</file><book>BC_151_A1_4_015</book></page>
<page><file>A1_4_15_01417.JPG</file><book>BC_151_A1_4_015</book></page>
<page><file>A1_4_15_01418.JPG</file><book>BC_151_A1_4_015</book></page>
<page><file>A1_4_15_01419.JPG</file><book>BC_151_A1_4_015</book></page>
<page><file>A1_4_15_01420.JPG</file><book>BC_151_A1_4_015</book></page>
<page><file>A1_4_15_01421.JPG</file><book>BC_151_A1_4_015</book></page>
<page><file>A1_4_15_01422.JPG</file><book>BC_151_A1_4_015</book></page>
<page><file>A1_4_15_01423.JPG</file><book>BC_151_A1_4_015</book></page>
<page><file>A1_4_15_01424.JPG</file><book>BC_151_A1_4_015</book></page>
<page><file>A1_4_15_01425.JPG</file><book>BC_151_A1_4_015</book></page>
<page><file>A1_4_15_01426.JPG</file><book>BC_151_A1_4_015</book></page>
<page><file>A1_4_15_01427.JPG</file><book>BC_151_A1_4_015</book></page>
<page><file>A1_4_15_01428.JPG</file><book>BC_151_A1_4_015</book></page>
<page><file>A1_4_15_01429.JPG</file><book>BC_151_A1_4_015</book></page>
<page><file>A1_4_15_01430.JPG</file><book>BC_151_A1_4_015</book></page>
<page><file>A1_4_15_01431.JPG</file><book>BC_151_A1_4_015</book></page>
<page><file>A1_4_15_01432.JPG</file><book>BC_151_A1_4_015</book></page>
<page><file>A1_4_15_01433.JPG</file><book>BC_151_A1_4_015</book></page>
<page><file>A1_4_15_01434.JPG</file><book>BC_151_A1_4_015</book></page>
<page><file>A1_4_15_01435.JPG</file><book>BC_151_A1_4_015</book></page>
<page><file>A1_4_15_01436.JPG</file><book>BC_151_A1_4_015</book></page>
<page><file>A1_4_15_01437.JPG</file><book>BC_151_A1_4_015</book></page>
<page><file>A1_4_15_01438.JPG</file><book>BC_151_A1_4_015</book></page>
<page><file>A1_4_15_01439.JPG</file><book>BC_151_A1_4_015</book></page>
<page><file>A1_4_15_01440.JPG</file><book>BC_151_A1_4_015</book></page>
<page><file>A1_4_15_01441.JPG</file><book>BC_151_A1_4_015</book></page>
<page><file>A1_4_15_01442.JPG</file><book>BC_151_A1_4_015</book></page>
<page><file>A1_4_15_01443.JPG</file><book>BC_151_A1_4_015</book></page>
<page><file>A1_4_15_01444.JPG</file><book>BC_151_A1_4_015</book></page>
<page><file>A1_4_15_01445.JPG</file><book>BC_151_A1_4_015</book></page>
<page><file>A1_4_15_01446.JPG</file><book>BC_151_A1_4_015</book></page>
<page><file>A1_4_15_01447.JPG</file><book>BC_151_A1_4_015</book></page>
<page><file>A1_4_15_01448.JPG</file><book>BC_151_A1_4_015</book></page>
<page><file>A1_4_15_01449.JPG</file><book>BC_151_A1_4_015</book></page>
<page><file>A1_4_15_01450.JPG</file><book>BC_151_A1_4_015</book></page>
<page><file>A1_4_15_01451.JPG</file><book>BC_151_A1_4_015</book></page>
<page><file>A1_4_15_01452.JPG</file><book>BC_151_A1_4_015</book></page>
<page><file>A1_4_15_01453.JPG</file><book>BC_151_A1_4_015</book></page>
<page><file>A1_4_15_01454.JPG</file><book>BC_151_A1_4_015</book></page>
<page><file>A1_4_15_01455.JPG</file><book>BC_151_A1_4_015</book></page>
<page><file>A1_4_15_01456.JPG</file><book>BC_151_A1_4_015</book></page>
<page><file>A1_4_15_01457.JPG</file><book>BC_151_A1_4_015</book></page>
<page><file>A1_4_15_01458.JPG</file><book>BC_151_A1_4_015</book></page>
<page><file>A1_4_15_01459.JPG</file><book>BC_151_A1_4_015</book></page>
<page><file>A1_4_15_01460.JPG</file><book>BC_151_A1_4_015</book></page>
<page><file>A1_4_15_01461.JPG</file><book>BC_151_A1_4_015</book></page>
<page><file>A1_4_15_01462.JPG</file><book>BC_151_A1_4_015</book></page>
<page><file>A1_4_15_01463.JPG</file><book>BC_151_A1_4_015</book></page>
<page><file>A1_4_15_01464.JPG</file><book>BC_151_A1_4_015</book></page>
<page><file>A1_4_15_01465.JPG</file><book>BC_151_A1_4_015</book></page>
<page><file>A1_4_15_01466.JPG</file><book>BC_151_A1_4_015</book></page>
<page><file>A1_4_15_01467.JPG</file><book>BC_151_A1_4_015</book></page>
<page><file>A1_4_15_01468.JPG</file><book>BC_151_A1_4_015</book></page>
<page><file>A1_4_15_01469.JPG</file><book>BC_151_A1_4_015</book></page>
<page><file>A1_4_15_01470.JPG</file><book>BC_151_A1_4_015</book></page>
<page><file>A1_4_15_01471.JPG</file><book>BC_151_A1_4_015</book></page>
<page><file>A1_4_15_01472.JPG</file><book>BC_151_A1_4_015</book></page>
<page><file>A1_4_15_01473.JPG</file><book>BC_151_A1_4_015</book></page>
<page><file>A1_4_15_01474.JPG</file><book>BC_151_A1_4_015</book></page>
<page><file>A1_4_15_01475.JPG</file><book>BC_151_A1_4_015</book></page>
<page><file>A1_4_15_01476.JPG</file><book>BC_151_A1_4_015</book></page>
<page><file>A1_4_15_01477.JPG</file><book>BC_151_A1_4_015</book></page>
<page><file>A1_4_15_01478.JPG</file><book>BC_151_A1_4_015</book></page>
<page><file>A1_4_15_01479.JPG</file><book>BC_151_A1_4_015</book></page>
<page><file>A1_4_15_01480.JPG</file><book>BC_151_A1_4_015</book></page>
<page><file>A1_4_15_01481.JPG</file><book>BC_151_A1_4_015</book></page>
<page><file>A1_4_15_01482.JPG</file><book>BC_151_A1_4_015</book></page>
</item>
