<item type="story"><id>391</id>
<collection>Lucy Lloyd |xam notebooks</collection>
<title>Names and descriptions of bags, nets and things worn</title>
<summary>Names and descriptions of nets, bags and things worn, found on an insert in the notebook. </summary><storypages>not numbered </storypages><category>Artefact and dress</category><category>Custom and daily life</category><keyword><kw>names</kw><subkw>of things worn, nets and bags</subkw></keyword>
<keyword><kw>dress</kw><subkw>names and descriptions of things worn</subkw></keyword>
<keyword><kw>bags</kw><subkw>, nets and names and descriptions of things worn</subkw></keyword>
<keyword><kw>words and sentences</kw><subkw>names and descriptions of things worn, bags and nets</subkw></keyword>
<keyword><kw>nets</kw><subkw>and bags and things worn</subkw></keyword>

<page><file>A2_1_52_INS01.JPG</file><book>BC_151_A2_1_052</book></page>
</item>
