<item type="story"><id>398</id>
<collection>Lucy Lloyd |xam notebooks</collection>
<title>About the sorceress !kwarra-an</title>
<summary><i>The Bushman Doctor or Sorcerer (L II.-1. 273-275). An account of these people was also given in the Katkop dialect by Dia!kwáin (L V.-3. 4122-4131), from whom we besides have two reports of cures performed upon himself. The first of these (L V.-3. 4132-4161, 4. 4162-4199) includes a speech made by the sorceress; the second relates how she cured him when injured by a Kafir (L V.-4. 4200-4230).</i> A note about the old sorceress !kwarra-an, where she lived and lives, her Dutch name (Mietje); how her husband ≠gerri-sse (or Jan Ronebout) and a son were shot by a Dutch man (&apos;Boer&apos;) when out getting poison for their arrows.</summary><comments>1) The sorceress&apos;s son, ≠gerri-sse (also called ≠girri-sse and Jan Ronebout), was one of Lloyd&apos;s informants and Dia!kwain&apos;s companions, 2) See also <i>The tale of a wise person or sorceress, what she said, when she talked with us</i> and <i>The story of a sorceress; that which she did when the Kafir had hurt my throat, she &apos;snored&apos; me, when my throat was swollen</i> and <i>About sorcerers: when the sorcerer returns home after his work is done,</i> 3) This story is found in Book V-3</comments><date>January 1875</date><storypages>4131v-4133v</storypages><category>History (personal)</category><category>Healing and ailing</category><author>Dia!kwain (David Hoesar) (V)</author><keyword><kw>sorceress</kw><subkw>healer</subkw></keyword>
<keyword><kw>sorceress</kw><subkw>!kwarra-an</subkw></keyword>
<keyword><kw>sorceress</kw><subkw>her relations</subkw></keyword>
<keyword><kw>sorceress</kw><subkw>the personal history of</subkw></keyword>
<keyword><kw>sorceress</kw><subkw>and Dutch or &apos;Boers&apos;</subkw></keyword>
<keyword><kw>sorceress</kw><subkw>her Dutch name is Mietje</subkw></keyword>
<keyword><kw>sorceress</kw><subkw>and Dia!kwain</subkw></keyword>
<keyword><kw>sorceress</kw><subkw>about the sorceress !kwarra-an</subkw></keyword>
<keyword><kw>personal history</kw><subkw>about the sorceress !kwarra-an</subkw></keyword>
<keyword><kw>personal history</kw><subkw>!kwarra-an&apos;s husband ≠gerri-sse and a son were shot by a Dutch man</subkw></keyword>
<keyword><kw>healer</kw><subkw>about the sorceress !kwarra-an</subkw></keyword>
<keyword><kw>name</kw><subkw>Dutch, for the sorceress !kwarra-an is Mietje</subkw></keyword>
<keyword><kw>name</kw><subkw>of !kwarra-an&apos;s husband and a son</subkw></keyword>
<keyword><kw>death</kw><subkw>!kwarra-an&apos;s husband ≠gerri-sse and a son were shot by a Dutch man</subkw></keyword>
<keyword><kw>death</kw><subkw>about the sorceress !kwarra-an</subkw></keyword>

<page><file>A2_1_52_04132.JPG</file><book>BC_151_A2_1_052</book></page>
<page><file>A2_1_52_04133.JPG</file><book>BC_151_A2_1_052</book></page>
<page><file>A2_1_52_04134.JPG</file><book>BC_151_A2_1_052</book></page>
</item>
