<item type="story"><id>594</id>
<collection>Lucy Lloyd |xam notebooks</collection>
<title>The south wind</title>
<summary><i>Wind and Weather. The Four Winds. By /han≠kass’o (L VIII.-1. 6096-6101).</i> The south wind blows, &apos;standing above&apos;, and &apos;makes dust&apos;.</summary><comments>1) See also <i>The north wind </i>and<i> The east wind </i>and<i> The west wind, </i>2) This story is found in Book VIII-1</comments><date>22 January 1878</date><storypages>6098-6099</storypages><category>Custom and daily life</category><category>Celestial bodies and aeroscopy</category><author>|han≠kass'o (Klein Jantje) (VIII)</author><keyword><kw>wind</kw><subkw>the south wind</subkw></keyword>
<keyword><kw>wind</kw><subkw>and weather</subkw></keyword>
<keyword><kw>wind</kw><subkw>the four winds</subkw></keyword>
<keyword><kw>wind</kw><subkw>names of</subkw></keyword>
<keyword><kw>wind</kw><subkw>and dust</subkw></keyword>
<keyword><kw>wind</kw><subkw>the place of</subkw></keyword>
<keyword><kw>wind</kw><subkw>different types of</subkw></keyword>
<keyword><kw>south wind</kw><subkw>blows dust</subkw></keyword>
<keyword><kw>south wind</kw><subkw>is called !khwe a tss&apos;u ||kau !khe</subkw></keyword>
<keyword><kw>south wind</kw><subkw>blows &apos;standing above&apos;</subkw></keyword>
<keyword><kw>name</kw><subkw>the south wind is called !khwe a tss&apos;u ||kau !khe</subkw></keyword>
<keyword><kw>name</kw><subkw>names of different types of winds</subkw></keyword>
<keyword><kw>place</kw><subkw>the wind&apos;s</subkw></keyword>
<keyword><kw>place</kw><subkw>and the south wind</subkw></keyword>
<keyword><kw>dust</kw><subkw>the south wind makes dust</subkw></keyword>
<keyword><kw>weather</kw><subkw>and the south wind</subkw></keyword>

<page><file>A2_1_76_06098.JPG</file><book>BC_151_A2_1_076</book></page>
<page><file>A2_1_76_06099.JPG</file><book>BC_151_A2_1_076</book></page>
</item>
