<item type="story"><id>92</id>
<collection>Wilhelm Bleek notebooks</collection>
<title>Untranslated page of Lloyd&apos;s script in Bleek&apos;s Book XXIV</title>
<summary>Untranslated script written by Lucy Lloyd.</summary><comments>1) This story is found in Book XXIV</comments><date>undated</date><storypages>2249</storypages><category>Words and sentences</category><author>unknown</author><keyword><kw>script</kw><subkw>untranslated, in Bleek&apos;s Book XXIV</subkw></keyword>
<keyword><kw>script</kw><subkw>Lloyd&apos;s</subkw></keyword>
<keyword><kw>page</kw><subkw>of untranslated script written by Lloyd in Bleek&apos;s Book XXIV</subkw></keyword>

<page><file>A1_4_24_02249.JPG</file><book>BC_151_A1_4_024</book></page>
</item>
