<item type="story"><id>161</id>
<collection>Lucy Lloyd |xam notebooks</collection>
<title>Hunting animals with dogs</title>
<summary><i>Hunting the &apos;Löffelhund&apos; (Proteles) and Jackal. (L II.-1. 217 and 218.)</i> The man hunts various animals with a dog. The dog catches and bites the animals, after which the man beats them to death with a stick.</summary><comments>1) Note on the inside of the back cover of this notebook: &apos;Finished correcting Sept 15/71 from Jantje Toorm himself&apos;, 2) This story is found in Book II-1</comments><date>13 June 1871 (started)</date><storypages>217-218</storypages><category>Custom and daily life</category><author>||kabbo (Jantje) (II)</author><keyword><kw>dog</kw><subkw>hunting with one</subkw></keyword>
<keyword><kw>hunting</kw><subkw>with dog</subkw></keyword>
<keyword><kw>hunting</kw><subkw>methods</subkw></keyword>
<keyword><kw>hunting</kw><subkw>aardwolf and jackal</subkw></keyword>
<keyword><kw>jackal</kw><subkw>hunting of with a dog</subkw></keyword>
<keyword><kw>aardwolf</kw><subkw>Proteles</subkw></keyword>
<keyword><kw>aardwolf</kw><subkw>|gipp</subkw></keyword>
<keyword><kw>aardwolf</kw><subkw>hunting of with a dog</subkw></keyword>
<keyword><kw>Proteles</kw><subkw>aardwolf or |gipp</subkw></keyword>
<keyword><kw>Proteles</kw><subkw>hunting of with a dog</subkw></keyword>

<page><file>A2_1_7_00217.JPG</file><book>BC_151_A2_1_007</book></page>
<page><file>A2_1_7_00218.JPG</file><book>BC_151_A2_1_007</book></page>
</item>
