<item type="story"><id>901</id>
<collection>Lucy Lloyd |xam notebooks</collection>
<title>≠kagara&apos;s fight with !haunu in the east</title>
<summary>See<i> ≠kágára and !haunu, who fought each other with lightning. By /han≠kass’o (L VIII.-30 8637-8648). </i>|han≠kass&apos;o&apos;s grandmothers used to tell him that ≠kagara was fighting with !haunu in the east when the weather thundered and when the clouds resembled mountains and were thick. </summary><comments>1) See also<i> ≠kagara and !haunu</i>, 2) This story is found in Book VIII-30</comments><date>July 1879</date><storypages>8642v</storypages><category>The Rain and Rain&apos;s water</category><category>History (personal)</category><author>|han≠kass'o (Klein Jantje) (VIII)</author><keyword><kw>weather</kw><subkw>and clouds in the east</subkw></keyword>
<keyword><kw>weather</kw><subkw>when ≠kagara and !haunu fight in the east</subkw></keyword>
<keyword><kw>weather</kw><subkw>what |han≠kass&apos;o&apos;s grandmothers used to tell him about ≠kagara and !haunu</subkw></keyword>
<keyword><kw>weather</kw><subkw>and lightning</subkw></keyword>
<keyword><kw>clouds</kw><subkw>in the east</subkw></keyword>
<keyword><kw>clouds</kw><subkw>and what |han≠kass&apos;o&apos;s grandmothers used to tell him about ≠kagara and !haunu</subkw></keyword>
<keyword><kw>clouds</kw><subkw>that resemble mountains</subkw></keyword>
<keyword><kw>clouds</kw><subkw>that are thick</subkw></keyword>
<keyword><kw>clouds</kw><subkw>and lightning</subkw></keyword>
<keyword><kw>clouds</kw><subkw>and ≠kagara&apos;s fight with !haunu in the east</subkw></keyword>
<keyword><kw>fight</kw><subkw>≠kagara and !haunu&apos;s in the east</subkw></keyword>
<keyword><kw>fight</kw><subkw>and the rain</subkw></keyword>
<keyword><kw>fight</kw><subkw>and lightning</subkw></keyword>
<keyword><kw>fight</kw><subkw>and thick clouds</subkw></keyword>
<keyword><kw>fight</kw><subkw>and bad weather</subkw></keyword>
<keyword><kw>rain</kw><subkw>and clouds in the east</subkw></keyword>
<keyword><kw>rain</kw><subkw>when ≠kagara and !haunu fight in the east</subkw></keyword>
<keyword><kw>rain</kw><subkw>what |han≠kass&apos;o&apos;s grandmothers used to tell him about ≠kagara and !haunu</subkw></keyword>
<keyword><kw>|han≠kass&apos;o</kw><subkw>what his grandmothers used to tell him about ≠kagara and !haunu and their fight in the east</subkw></keyword>
<keyword><kw>east</kw><subkw>≠kagara&apos;s fight with !haunu in the</subkw></keyword>

<page><file>A2_1_105_08643.JPG</file><book>BC_151_A2_1_105</book></page>
</item>
