<item type="story"><id>68</id>
<collection>Wilhelm Bleek notebooks</collection>
<title>Covers and first pages of Bleek&apos;s Book XVI or BC151_A1_4_016</title>

<page><file>A1_4_16_FRCOV.JPG</file><book>BC_151_A1_4_016</book></page>
<page><file>A1_4_16_INSBK.JPG</file><book>BC_151_A1_4_016</book></page>
<page><file>A1_4_16_INSFR.JPG</file><book>BC_151_A1_4_016</book></page>
<page><file>A1_4_16_BKCOV.JPG</file><book>BC_151_A1_4_016</book></page>
<page><file>A1_4_16_SPINE.JPG</file><book>BC_151_A1_4_016</book></page>
</item>
