<item type="story"><id>61</id>
<collection>Wilhelm Bleek notebooks</collection>
<title>Blank pages in Bleek&apos;s Book XIV</title>
<summary>Blank pages in the notebook.</summary><storypages>1337-1361</storypages><keyword><kw>blank pages</kw><subkw>in Bleek&apos;s Book XIV</subkw></keyword>
<keyword><kw>pages</kw><subkw>blank, in Bleek&apos;s Book XIV</subkw></keyword>

<page><file>A1_4_14_01337.JPG</file><book>BC_151_A1_4_014</book></page>
<page><file>A1_4_14_01338.JPG</file><book>BC_151_A1_4_014</book></page>
<page><file>A1_4_14_01339.JPG</file><book>BC_151_A1_4_014</book></page>
<page><file>A1_4_14_01340.JPG</file><book>BC_151_A1_4_014</book></page>
<page><file>A1_4_14_01341.JPG</file><book>BC_151_A1_4_014</book></page>
<page><file>A1_4_14_01342.JPG</file><book>BC_151_A1_4_014</book></page>
<page><file>A1_4_14_01343.JPG</file><book>BC_151_A1_4_014</book></page>
<page><file>A1_4_14_01344.JPG</file><book>BC_151_A1_4_014</book></page>
<page><file>A1_4_14_01345.JPG</file><book>BC_151_A1_4_014</book></page>
<page><file>A1_4_14_01346.JPG</file><book>BC_151_A1_4_014</book></page>
<page><file>A1_4_14_01347.JPG</file><book>BC_151_A1_4_014</book></page>
<page><file>A1_4_14_01348.JPG</file><book>BC_151_A1_4_014</book></page>
<page><file>A1_4_14_01349.JPG</file><book>BC_151_A1_4_014</book></page>
<page><file>A1_4_14_01350.JPG</file><book>BC_151_A1_4_014</book></page>
<page><file>A1_4_14_01351.JPG</file><book>BC_151_A1_4_014</book></page>
<page><file>A1_4_14_01352.JPG</file><book>BC_151_A1_4_014</book></page>
<page><file>A1_4_14_01353.JPG</file><book>BC_151_A1_4_014</book></page>
<page><file>A1_4_14_01354.JPG</file><book>BC_151_A1_4_014</book></page>
<page><file>A1_4_14_01355.JPG</file><book>BC_151_A1_4_014</book></page>
<page><file>A1_4_14_01356.JPG</file><book>BC_151_A1_4_014</book></page>
<page><file>A1_4_14_01357.JPG</file><book>BC_151_A1_4_014</book></page>
<page><file>A1_4_14_01358.JPG</file><book>BC_151_A1_4_014</book></page>
<page><file>A1_4_14_01359.JPG</file><book>BC_151_A1_4_014</book></page>
<page><file>A1_4_14_01360.JPG</file><book>BC_151_A1_4_014</book></page>
<page><file>A1_4_14_01361.JPG</file><book>BC_151_A1_4_014</book></page>
</item>
