<item type="story"><id>159</id>
<collection>Lucy Lloyd |xam notebooks</collection>
<title>The collecting of ostrich eggs</title>
<summary>A man collects ostrich eggs in a sack to take home to his wife. She breaks them open with a stone, then places sticks into the holes she has made, stirs up the inside of each egg and pours them out into a cooking pot which she places on the fire.</summary><comments>1) Note on the inside of the back cover of this notebook: &apos;Finished correcting Sept 15/71 from Jantje Toorm himself&apos;, 2) This story is found in Book II-1</comments><date>18 March – 29 May 1871 (given on or about)</date><storypages>209-211</storypages><category>Custom and daily life</category><author>||kabbo (Jantje) (II)</author><keyword><kw>ostrich eggs</kw><subkw>collecting</subkw></keyword>
<keyword><kw>ostrich eggs</kw><subkw>preparing</subkw></keyword>
<keyword><kw>ostrich eggs</kw><subkw>cooking</subkw></keyword>
<keyword><kw>ostrich eggs</kw><subkw>eating</subkw></keyword>
<keyword><kw>sack</kw><subkw>springbok skin</subkw></keyword>
<keyword><kw>sack</kw><subkw>for collecting ostrich eggs</subkw></keyword>
<keyword><kw>food</kw><subkw>cooking and eating of ostrich eggs</subkw></keyword>

<page><file>A2_1_7_00209.JPG</file><book>BC_151_A2_1_007</book></page>
<page><file>A2_1_7_00210.JPG</file><book>BC_151_A2_1_007</book></page>
<page><file>A2_1_7_00211.JPG</file><book>BC_151_A2_1_007</book></page>
</item>
