<item type="story"><id>57</id>
<collection>Wilhelm Bleek notebooks</collection>
<title>Tools: a note</title>
<summary>About tools, implements and artefacts used by the |xam. These include a brush called<i> |ku</i>, made of <i>|gipp</i> (striped jackal) hair, and its uses; a gemsbok&apos;s rib used for peeling and eating<i> |kui</i>, and its markings. An ostrich bone is used for piercing mats and baskets; the making and use of a pipe made of kid&apos;s bone; a woman&apos;s digging stick made from the <i>!kwa !kwa</i> tree, the point made of a springbok&apos;s horn and used for digging as well as stirring the fire. A digging stick is thrust into a bored stone.</summary><comments>1) Date on p.1122v (note added): &apos;K.J. 22 Oct 1879&apos; (&apos;K.J&apos; refers to Klein Jantje or |han≠kass&apos;o), 2) This story is found in Book 12 (XII)</comments><date>October 1872</date><storypages>1121opp, 1121v-1124v</storypages><category>Custom and daily life</category><category>Artefact and dress</category><author>||kabbo (Jantje) (II)</author><keyword><kw>tools</kw><subkw>and implements and artefacts used by the |xam</subkw></keyword>
<keyword><kw>tools</kw><subkw>making of</subkw></keyword>
<keyword><kw>tools</kw><subkw>cooking and eating utensils</subkw></keyword>
<keyword><kw>tools</kw><subkw>brushes</subkw></keyword>
<keyword><kw>tools</kw><subkw>mats</subkw></keyword>
<keyword><kw>tools</kw><subkw>pipe</subkw></keyword>
<keyword><kw>tools</kw><subkw>baskets</subkw></keyword>
<keyword><kw>tools</kw><subkw>digging stick</subkw></keyword>
<keyword><kw>brush</kw><subkw>and tools</subkw></keyword>
<keyword><kw>brush</kw><subkw>used by the |xam</subkw></keyword>
<keyword><kw>brush</kw><subkw>name of</subkw></keyword>
<keyword><kw>brush</kw><subkw>uses of</subkw></keyword>
<keyword><kw>brush</kw><subkw>making of</subkw></keyword>
<keyword><kw>brush</kw><subkw>|ku</subkw></keyword>
<keyword><kw>brush</kw><subkw>from animal hair</subkw></keyword>
<keyword><kw>brush</kw><subkw>from |gipp hair</subkw></keyword>
<keyword><kw>brush</kw><subkw>handle of</subkw></keyword>
<keyword><kw>brush</kw><subkw>from !nabbe stem</subkw></keyword>
<keyword><kw>brush</kw><subkw>from thorn-bush</subkw></keyword>
<keyword><kw>brush</kw><subkw>with springbok neck sinew binding</subkw></keyword>
<keyword><kw>cooking utensil</kw><subkw>and tools used by the |xam</subkw></keyword>
<keyword><kw>cooking utensil</kw><subkw>and women</subkw></keyword>
<keyword><kw>cooking utensil</kw><subkw>pot as</subkw></keyword>
<keyword><kw>cooking utensil</kw><subkw>eating and</subkw></keyword>
<keyword><kw>cooking utensil</kw><subkw>gemsbok&apos;s rib as</subkw></keyword>
<keyword><kw>cooking utensil</kw><subkw>ostrich bone as</subkw></keyword>
<keyword><kw>plants</kw><subkw>|kui</subkw></keyword>
<keyword><kw>plants</kw><subkw>edible</subkw></keyword>
<keyword><kw>plants</kw><subkw>thorn-bush</subkw></keyword>
<keyword><kw>plants</kw><subkw>!nabbe</subkw></keyword>
<keyword><kw>plants</kw><subkw>names of</subkw></keyword>
<keyword><kw>plants</kw><subkw>and tools used by the |xam</subkw></keyword>
<keyword><kw>mats</kw><subkw>and tools used by the |xam</subkw></keyword>
<keyword><kw>mats</kw><subkw>an ostrich bone is used for piercing</subkw></keyword>
<keyword><kw>baskets</kw><subkw>and tools used by the |xam</subkw></keyword>
<keyword><kw>baskets</kw><subkw>an ostrich bone is used for piercing</subkw></keyword>
<keyword><kw>pipe</kw><subkw>from kid&apos;s bone</subkw></keyword>
<keyword><kw>pipe</kw><subkw>and tools used by the |xam</subkw></keyword>
<keyword><kw>digging stick</kw><subkw>!kwa !kwa wood</subkw></keyword>
<keyword><kw>digging stick</kw><subkw>from springbok&apos;s horn point</subkw></keyword>
<keyword><kw>digging stick</kw><subkw>and tools used by the |xam</subkw></keyword>
<keyword><kw>digging stick</kw><subkw>is thrust into a bored stone</subkw></keyword>
<keyword><kw>tree</kw><subkw>!kwa !kwa</subkw></keyword>
<keyword><kw>tree</kw><subkw>and tools used by the |xam</subkw></keyword>
<keyword><kw>bush</kw><subkw>thorn-bush</subkw></keyword>
<keyword><kw>bush</kw><subkw>!nabbe</subkw></keyword>
<keyword><kw>bush</kw><subkw>brush-handle made from its wood</subkw></keyword>
<keyword><kw>bush</kw><subkw>and tools used by the |xam</subkw></keyword>
<keyword><kw>food</kw><subkw>ant eggs</subkw></keyword>
<keyword><kw>food</kw><subkw>|kui</subkw></keyword>
<keyword><kw>food</kw><subkw>&apos;Bushman rice&apos;</subkw></keyword>
<keyword><kw>food</kw><subkw>and tools used by the |xam</subkw></keyword>
<keyword><kw>food</kw><subkw>eaten by the |xam</subkw></keyword>
<keyword><kw>food</kw><subkw>and digging</subkw></keyword>
<keyword><kw>fire</kw><subkw>making of</subkw></keyword>
<keyword><kw>fire</kw><subkw>and tools used by the |xam</subkw></keyword>
<keyword><kw>stone</kw><subkw>of digging stick</subkw></keyword>
<keyword><kw>stone</kw><subkw>and tools used by the |xam</subkw></keyword>
<keyword><kw>stone</kw><subkw>bored</subkw></keyword>
<keyword><kw>women</kw><subkw>work of</subkw></keyword>
<keyword><kw>women</kw><subkw>digging by</subkw></keyword>
<keyword><kw>women</kw><subkw>cooking</subkw></keyword>
<keyword><kw>women</kw><subkw>hunting by</subkw></keyword>
<keyword><kw>women</kw><subkw>digging stick used by</subkw></keyword>
<keyword><kw>women</kw><subkw>and tools used by the |xam</subkw></keyword>
<keyword><kw>women</kw><subkw>and finding food</subkw></keyword>
<keyword><kw>Bushman rice</kw><subkw>digging for</subkw></keyword>
<keyword><kw>Bushman rice</kw><subkw>and tools used by the |xam</subkw></keyword>
<keyword><kw>Bushman rice</kw><subkw>and food eaten by the |xam</subkw></keyword>
<keyword><kw>name</kw><subkw>of bushes and trees used to make tools used by the |xam</subkw></keyword>
<keyword><kw>name</kw><subkw>of edible plants</subkw></keyword>
<keyword><kw>name</kw><subkw>of animals and animal-parts used in tools made by the |xam</subkw></keyword>
<keyword><kw>springbok</kw><subkw>horn point used in digging stick</subkw></keyword>
<keyword><kw>springbok</kw><subkw>horn point used for digging and stirring the fire</subkw></keyword>
<keyword><kw>springbok</kw><subkw>neck sinew used for binding brush</subkw></keyword>
<keyword><kw>springbok</kw><subkw>and tools used by the |xam</subkw></keyword>
<keyword><kw>gemsbok</kw><subkw>rib used as cooking and eating utensil</subkw></keyword>
<keyword><kw>gemsbok</kw><subkw>and tools used by the |xam</subkw></keyword>
<keyword><kw>ostrich</kw><subkw>its bone is used for piercing mats and baskets</subkw></keyword>
<keyword><kw>animal</kw><subkw>hair and parts used in tools made by the |xam</subkw></keyword>

<page><file>A1_4_12_01121.JPG</file><book>BC_151_A1_4_012</book></page>
<page><file>A1_4_12_01122.JPG</file><book>BC_151_A1_4_012</book></page>
<page><file>A1_4_12_01123.JPG</file><book>BC_151_A1_4_012</book></page>
<page><file>A1_4_12_01124.JPG</file><book>BC_151_A1_4_012</book></page>
<page><file>A1_4_12_01125.JPG</file><book>BC_151_A1_4_012</book></page>
</item>
