<item type="story"><id>331</id>
<collection>Lucy Lloyd |xam notebooks</collection>
<title>Medicines taken by the ill</title>
<summary><i>Different Bushman Medicines; where found; and their uses. Only the names of these medicines are given in Bushman, and the remarks respecting them in English, after ≠kásin (L IV.-1. 3425-3440). These specimens were found in the hut of a Bushman sorcerer, and were kindly furnished for identification by Mr. J Gibb. //kábbo’s names for the same specimens, with his remarks (in English only), are in a separate paper of 7 folio pages, to which ≠kásin’s notes have been also briefly added, in red ink. </i>A series of numbered entries describing the making of preparations from, as well as the use and collection of, various plants and insects for the treatment of a variety of ailments by the |xam.</summary><comments>1) Insert pasted inside the front cover of Book IV-1: a note to ask the informants whether &apos;Hottentots&apos; (from ≠kasin) do agricultural work and use a digging stick or whether (from ||kabbo) the |xam may hunt on each other&apos;s land; also an insert dictated by ||kabbo on the collecting of a grub by &apos;Grass Bushmen&apos;, which is then made into something called |<i>kai ka !gaoken</i>, probably a poison or medicine to be used with caution, 2) See also the insert pasted inside the back cover of Book IV concerning various medicinal plants – their names, their uses and where they are found, 3) Date on p.3439: 4 November, 4) p.3437v: possibly the name of a river or stream near ≠kasin&apos;s place (<i>!kuirri</i>) where a certain plant grows, 5) This story is found in Book IV-1</comments><date>3 – 4 November 1873</date><storypages>3425-3440</storypages><category>Custom and daily life</category><category>Healing and ailing</category><category>Plants and animals</category><author>≠kasin (Klaas Katkop) (IV)</author><author>||kabbo (Jantje) (II)</author><keyword><kw>plants</kw><subkw>medicinal</subkw></keyword>
<keyword><kw>plants</kw><subkw>names of</subkw></keyword>
<keyword><kw>medicinal plants</kw><subkw>&apos;working&apos; them</subkw></keyword>
<keyword><kw>medicinal plants</kw><subkw>found at ≠kasin&apos;s place</subkw></keyword>
<keyword><kw>medicinal plants</kw><subkw>where they are found</subkw></keyword>
<keyword><kw>medicinal plants</kw><subkw>the digging for and collection of</subkw></keyword>
<keyword><kw>medicinal plants</kw><subkw>the names of in Dutch and |xam</subkw></keyword>
<keyword><kw>medicinal plants</kw><subkw>a description of</subkw></keyword>
<keyword><kw>medicinal plants</kw><subkw>different uses for</subkw></keyword>
<keyword><kw>medicinal plants</kw><subkw>and healing</subkw></keyword>
<keyword><kw>healing</kw><subkw>medicinal plants used in</subkw></keyword>
<keyword><kw>healing</kw><subkw>methods of</subkw></keyword>
<keyword><kw>place</kw><subkw>≠kasin&apos;s</subkw></keyword>
<keyword><kw>place</kw><subkw>the medicinal plants found there</subkw></keyword>
<keyword><kw>place</kw><subkw>insects found there</subkw></keyword>
<keyword><kw>medicine</kw><subkw>used by |xam</subkw></keyword>
<keyword><kw>medicine</kw><subkw>taken externally or internally</subkw></keyword>
<keyword><kw>medicine</kw><subkw>making of, and time of day</subkw></keyword>
<keyword><kw>medicine</kw><subkw>making of, and gender</subkw></keyword>
<keyword><kw>medicine</kw><subkw>the preparation of</subkw></keyword>
<keyword><kw>medicine</kw><subkw>the vessels used for preparation of</subkw></keyword>
<keyword><kw>medicine</kw><subkw>plants used as</subkw></keyword>
<keyword><kw>medicine</kw><subkw>insects used as</subkw></keyword>
<keyword><kw>women</kw><subkw>and making medicine</subkw></keyword>
<keyword><kw>men</kw><subkw>and making medicine</subkw></keyword>
<keyword><kw>work</kw><subkw>women&apos;s and men&apos;s</subkw></keyword>
<keyword><kw>work</kw><subkw>prohibitions regarding</subkw></keyword>
<keyword><kw>insects</kw><subkw>and healing</subkw></keyword>
<keyword><kw>insects</kw><subkw>used in making of medicine</subkw></keyword>
<keyword><kw>insects</kw><subkw>found at ≠kasin&apos;s place</subkw></keyword>
<keyword><kw>≠kasin</kw><subkw>medicinal plants found at his place</subkw></keyword>
<keyword><kw>vessels</kw><subkw>used for preparation of of medicines</subkw></keyword>
<keyword><kw>illness</kw><subkw>and the medicines taken by the |xam</subkw></keyword>
<keyword><kw>illness</kw><subkw>and the making of medicines</subkw></keyword>
<keyword><kw>illness</kw><subkw>and the medicinal plants found at ≠kasin&apos;s place</subkw></keyword>
<keyword><kw>names</kw><subkw>of medicinal plants</subkw></keyword>
<keyword><kw>names</kw><subkw>of plants found at ≠kasin&apos;s place</subkw></keyword>
<keyword><kw>names</kw><subkw>of an insects used in making of medicine</subkw></keyword>

<page><file>A2_1_44_03425.JPG</file><book>BC_151_A2_1_044</book></page>
<page><file>A2_1_44_03426.JPG</file><book>BC_151_A2_1_044</book></page>
<page><file>A2_1_44_03427.JPG</file><book>BC_151_A2_1_044</book></page>
<page><file>A2_1_44_03428.JPG</file><book>BC_151_A2_1_044</book></page>
<page><file>A2_1_44_03429.JPG</file><book>BC_151_A2_1_044</book></page>
<page><file>A2_1_44_03430.JPG</file><book>BC_151_A2_1_044</book></page>
<page><file>A2_1_44_03431.JPG</file><book>BC_151_A2_1_044</book></page>
<page><file>A2_1_44_03432.JPG</file><book>BC_151_A2_1_044</book></page>
<page><file>A2_1_44_03433.JPG</file><book>BC_151_A2_1_044</book></page>
<page><file>A2_1_44_03434.JPG</file><book>BC_151_A2_1_044</book></page>
<page><file>A2_1_44_03435.JPG</file><book>BC_151_A2_1_044</book></page>
<page><file>A2_1_44_03436.JPG</file><book>BC_151_A2_1_044</book></page>
<page><file>A2_1_44_03437.JPG</file><book>BC_151_A2_1_044</book></page>
<page><file>A2_1_44_03438.JPG</file><book>BC_151_A2_1_044</book></page>
<page><file>A2_1_44_03439.JPG</file><book>BC_151_A2_1_044</book></page>
<page><file>A2_1_44_03440.JPG</file><book>BC_151_A2_1_044</book></page>
</item>
