<item type="story"><id>962</id>
<collection>Lucy Lloyd !kun notebooks</collection>
<title>Words in the dialect of the !kun or so-called &apos;Ongova Bushmen&apos; of Hereroland</title>
<summary>Words in the language of the &apos;Ongova&apos; Bushmen given in May /79 at the Grey Library</summary><comments>1) This story is found in Book XI &amp; XII-2</comments><date>May 1879</date><storypages>not numbered (inserts in A2_1_110)</storypages><category>Words and sentences</category><author>!nanni (XI)</author><keyword><kw>words and sentences</kw><subkw>in the language of the &apos;Ongova&apos; Bushmen given in May &apos;79 at the Grey library</subkw></keyword>

<page><file>A2_1_110_FIN03.JPG</file><book>BC_151_A2_1_110</book></page>
<page><file>A2_1_110_BIN03.JPG</file><book>BC_151_A2_1_110</book></page>
</item>
