<item type="story"><id>752</id>
<collection>Lucy Lloyd |xam notebooks</collection>
<title>Young man of the Early Race put into a mouse skin and becomes a lion</title>
<summary>Children push a youth into the skin of a Fieldmouse and tell him to &apos;trot away&apos;, which he does, becoming a Lion. The children tell the Lion to go and lie down, which he does. The Lion charges the people and runs at his brother&apos;s wife, biting her in the head and dragging her into the reeds. </summary><comments>1) p.7526v: |han≠kass&apos;o was told this story by his mother (|xabbi-an), who he thinks heard it from her mother (≠kammi); on the Fieldmouse&apos;s name (it is &apos;mouse&apos; and it has no other), 2) pp.7528v-7529v: an explanation of <i>!kuppem !kuppem</i> (and calling to the fieldmice), 3) p.7537v: the <i>Tarru-ggu</i> or <i>akkedis</i> (the sister-in-law is one), 4) This story is found in Book VIII-17</comments><date>20 September 1878 (started)</date><storypages>7527-7541</storypages><category>History (Early Race)</category><author>|han≠kass'o (Klein Jantje) (VIII)</author><keyword><kw>Early Race</kw><subkw>the First Bushmen</subkw></keyword>
<keyword><kw>Early Race</kw><subkw>the children of</subkw></keyword>
<keyword><kw>Early Race</kw><subkw>the youths of</subkw></keyword>
<keyword><kw>Early Race</kw><subkw>and the young man of put into a mouse skin who becomes a lion</subkw></keyword>
<keyword><kw>Early Race</kw><subkw>and transformation</subkw></keyword>
<keyword><kw>Early Race</kw><subkw>the Fieldmice are people of</subkw></keyword>
<keyword><kw>Early Race</kw><subkw>the Lion is a person of</subkw></keyword>
<keyword><kw>Fieldmice</kw><subkw>the method of calling them out of their holes</subkw></keyword>
<keyword><kw>Fieldmice</kw><subkw>are shot at, killed and skinned by the children of the Early Race</subkw></keyword>
<keyword><kw>Fieldmice</kw><subkw>resemble lions</subkw></keyword>
<keyword><kw>Fieldmice</kw><subkw>the youth of the Early Race put into a mouse skin who becomes a lion</subkw></keyword>
<keyword><kw>Fieldmice</kw><subkw>their name is &apos;mouse&apos;</subkw></keyword>
<keyword><kw>Fieldmice</kw><subkw>are people of the Early Race</subkw></keyword>
<keyword><kw>Lion</kw><subkw>the youth of the Early Race put into a mouse skin who becomes a lion</subkw></keyword>
<keyword><kw>Lion</kw><subkw>the youth becomes one to kill his sister-in-law</subkw></keyword>
<keyword><kw>Lion</kw><subkw>lives in the reeds</subkw></keyword>
<keyword><kw>Lion</kw><subkw>chases his &apos;comrades&apos;</subkw></keyword>
<keyword><kw>Lion</kw><subkw>the nature and habits of lions</subkw></keyword>
<keyword><kw>mice</kw><subkw>the youth of the Early Race is put into a mouse skin and becomes a lion</subkw></keyword>
<keyword><kw>mice</kw><subkw>the Fieldmice</subkw></keyword>
<keyword><kw>children</kw><subkw>of the Early Race put their comrade into a Fieldmouse skin and he becomes a lion</subkw></keyword>
<keyword><kw>children</kw><subkw>kill and skin the Fieldmice</subkw></keyword>
<keyword><kw>youth</kw><subkw>young man</subkw></keyword>
<keyword><kw>youth</kw><subkw>his sister-in-law is a lizard</subkw></keyword>
<keyword><kw>youth</kw><subkw>who becomes a lion in order to kill his sister-in-law</subkw></keyword>
<keyword><kw>youth</kw><subkw>is put into a Fieldmouse skin and becomes a lion</subkw></keyword>
<keyword><kw>youth</kw><subkw>is a person of the Early Race</subkw></keyword>
<keyword><kw>transformation</kw><subkw>of the youth put into a mouse skin who becomes a lion</subkw></keyword>
<keyword><kw>lizard</kw><subkw>the sister-in-law of the youth is one</subkw></keyword>
<keyword><kw>lizard</kw><subkw>a description of</subkw></keyword>
<keyword><kw>lizard</kw><subkw>the Tarru-ggu, or akkedis</subkw></keyword>
<keyword><kw>names</kw><subkw>a lizard called the Tarru-ggu, or akkedis</subkw></keyword>
<keyword><kw>names</kw><subkw>the Fieldmouse&apos;s name is &apos;Mouse&apos;</subkw></keyword>
<keyword><kw>names</kw><subkw>and the young man of the Early Race put into a mouse skin who becomes a lion</subkw></keyword>

<page><file>A2_1_92_07527.JPG</file><book>BC_151_A2_1_092</book></page>
<page><file>A2_1_92_07528.JPG</file><book>BC_151_A2_1_092</book></page>
<page><file>A2_1_92_07529.JPG</file><book>BC_151_A2_1_092</book></page>
<page><file>A2_1_92_07530.JPG</file><book>BC_151_A2_1_092</book></page>
<page><file>A2_1_92_07531.JPG</file><book>BC_151_A2_1_092</book></page>
<page><file>A2_1_92_07532.JPG</file><book>BC_151_A2_1_092</book></page>
<page><file>A2_1_92_07533.JPG</file><book>BC_151_A2_1_092</book></page>
<page><file>A2_1_92_07534.JPG</file><book>BC_151_A2_1_092</book></page>
<page><file>A2_1_92_07535.JPG</file><book>BC_151_A2_1_092</book></page>
<page><file>A2_1_92_07536.JPG</file><book>BC_151_A2_1_092</book></page>
<page><file>A2_1_92_07537.JPG</file><book>BC_151_A2_1_092</book></page>
<page><file>A2_1_92_07538.JPG</file><book>BC_151_A2_1_092</book></page>
<page><file>A2_1_92_07539.JPG</file><book>BC_151_A2_1_092</book></page>
<page><file>A2_1_92_07540.JPG</file><book>BC_151_A2_1_092</book></page>
<page><file>A2_1_92_07541.JPG</file><book>BC_151_A2_1_092</book></page>
</item>
