<item type="story"><id>1002</id>
<collection>Lucy Lloyd !kun notebooks</collection>
<title>The dream</title>
<summary>About the dream (or ||gan-a) of !nanni and Tamme&apos;s country. In !nanni&apos;s country a dream put &apos;a thing&apos; into a person and this makes them ill. In Tamme&apos;s country, a dream speaks to him. The dream speaks to many people who hear it. The people told Tamme that when a person dies he or she becomes a dream (or ||gan-a). The dream&apos;s heart aches when this happens and kills another person (it puts a &apos;thing&apos; in them).</summary><comments>1) p.9263v: &apos;The dream does not eat anything&apos;; the !kun and Latin names for two plants, 2) See also <i>Curing illness (and the trance dance)</i>, 3) This story is found in Book XI &amp; XII-4</comments><date>24 – 26 January 1880</date><storypages>9260-9265</storypages><category>Custom and daily life</category><category>History (personal)</category><category>Healing and ailing</category><author>!nanni (XI)</author><author>Tamme (XII)</author><keyword><kw>dream</kw><subkw>or ||gan-a</subkw></keyword>
<keyword><kw>dream</kw><subkw>says &apos;Naaaa&apos;</subkw></keyword>
<keyword><kw>dream</kw><subkw>and death</subkw></keyword>
<keyword><kw>dream</kw><subkw>what Tamme&apos;s people told him about</subkw></keyword>
<keyword><kw>dream</kw><subkw>in which Tamme sees his mother</subkw></keyword>
<keyword><kw>dream</kw><subkw>people who stand making gestures kill it and it is no more</subkw></keyword>
<keyword><kw>dream</kw><subkw>description of</subkw></keyword>
<keyword><kw>dream</kw><subkw>kills people because its heart aches</subkw></keyword>
<keyword><kw>dream</kw><subkw>dies when the ill person is doctored</subkw></keyword>
<keyword><kw>dream</kw><subkw>its heart aches</subkw></keyword>
<keyword><kw>dream</kw><subkw>its back-dress is made of mouse&apos;s skin</subkw></keyword>
<keyword><kw>dream</kw><subkw>speaks to many people</subkw></keyword>
<keyword><kw>dream</kw><subkw>its house</subkw></keyword>
<keyword><kw>dream</kw><subkw>in Tamme&apos;s country</subkw></keyword>
<keyword><kw>dream</kw><subkw>of !nanni and Tamme&apos;s country</subkw></keyword>
<keyword><kw>dream</kw><subkw>kills a person</subkw></keyword>
<keyword><kw>dream</kw><subkw>and the trance dance</subkw></keyword>
<keyword><kw>dream</kw><subkw>and doctoring</subkw></keyword>
<keyword><kw>dream</kw><subkw>makes people ill</subkw></keyword>
<keyword><kw>dream</kw><subkw>enters the country</subkw></keyword>
<keyword><kw>dream</kw><subkw>its body is small and resembles a person&apos;s</subkw></keyword>
<keyword><kw>dream</kw><subkw>its house is small and made of grass and resembles that of a bird</subkw></keyword>
<keyword><kw>dream</kw><subkw>its apron is made of ko o</subkw></keyword>
<keyword><kw>dream</kw><subkw>it puts a &apos;thing&apos; in people</subkw></keyword>
<keyword><kw>dress</kw><subkw>the dream&apos;s back-dress and apron</subkw></keyword>
<keyword><kw>house</kw><subkw>the dream&apos;s</subkw></keyword>
<keyword><kw>country</kw><subkw>dreams in !nanni&apos;s and Tamme&apos;s kill a person</subkw></keyword>
<keyword><kw>country</kw><subkw>trance dance in !nanni and Tamme&apos;s country</subkw></keyword>
<keyword><kw>death</kw><subkw>and the dream</subkw></keyword>
<keyword><kw>death</kw><subkw>in Tamme&apos;s country the dead become ||gan-a, or a dream</subkw></keyword>
<keyword><kw>death</kw><subkw>the dream kills people because its heart aches</subkw></keyword>
<keyword><kw>death</kw><subkw>killing the dream and the trance dance</subkw></keyword>
<keyword><kw>illness</kw><subkw>caused by the dream</subkw></keyword>
<keyword><kw>illness</kw><subkw>and healing and the trance dance</subkw></keyword>
<keyword><kw>healing</kw><subkw>doctoring</subkw></keyword>
<keyword><kw>healing</kw><subkw>of illness caused by the dream</subkw></keyword>
<keyword><kw>healing</kw><subkw>when people make gestures and kill the dream</subkw></keyword>
<keyword><kw>healing</kw><subkw>and the trance dance</subkw></keyword>
<keyword><kw>curing</kw><subkw>illness caused by dreams</subkw></keyword>
<keyword><kw>curing</kw><subkw>and the trance dance</subkw></keyword>
<keyword><kw>heart</kw><subkw>the dream&apos;s aches</subkw></keyword>
<keyword><kw>apron</kw><subkw>the dream&apos;s</subkw></keyword>
<keyword><kw>dance</kw><subkw>trance</subkw></keyword>
<keyword><kw>trance dance</kw><subkw>and healing illness caused by the dream</subkw></keyword>
<keyword><kw>trance dance</kw><subkw>and killing the dream</subkw></keyword>

<page><file>A2_1_112_09260.JPG</file><book>BC_151_A2_1_112</book></page>
<page><file>A2_1_112_09261.JPG</file><book>BC_151_A2_1_112</book></page>
<page><file>A2_1_112_09262.JPG</file><book>BC_151_A2_1_112</book></page>
<page><file>A2_1_112_09263.JPG</file><book>BC_151_A2_1_112</book></page>
<page><file>A2_1_112_09264.JPG</file><book>BC_151_A2_1_112</book></page>
<page><file>A2_1_112_09265.JPG</file><book>BC_151_A2_1_112</book></page>
</item>
