<item type="story"><id>502</id>
<collection>Lucy Lloyd |xam notebooks</collection>
<title>Xaa-ttin&apos;s accident</title>
<summary><i>Explanation of various personal names was given, in the Katkop dialect, by Díä!kwãin (L V.-10. 4751-4754, 4758-4777, 18. 5373 rev., 19. 5505 rev. and 5506 rev., 20. 5572 and 5573, 5605-5607, translated). </i>About Dia!kwain&apos;s father Xaa-ttin who received the name Clay-hand after he had an accident while running after springbok; he got his foot stuck in clay and fell, dislocating his thumb. </summary><comments>1) p.5571v: Xaa-ttin was Dia!kwain&apos;s father&apos;s &apos;great name&apos;: the nickname Clay-hand in this story was given to him by his friends; Dia!kwain has forgotten his father&apos;s &apos;little&apos; name, 2) This story is found in Book V-20</comments><date>26 November 1875</date><storypages>5572-5573</storypages><category>History (personal)</category><author>Dia!kwain (David Hoesar) (V)</author><keyword><kw>Dia!kwain</kw><subkw>his personal history</subkw></keyword>
<keyword><kw>Dia!kwain</kw><subkw>his father is Xaa-ttin</subkw></keyword>
<keyword><kw>Dia!kwain</kw><subkw>accounting for his father&apos;s name</subkw></keyword>
<keyword><kw>Dia!kwain</kw><subkw>Xaa-ttin&apos;s accident</subkw></keyword>
<keyword><kw>Xaa-ttin</kw><subkw>was called Clay-hand</subkw></keyword>
<keyword><kw>Xaa-ttin</kw><subkw>his hunting accident</subkw></keyword>
<keyword><kw>Xaa-ttin</kw><subkw>accounting for the giving of his name</subkw></keyword>
<keyword><kw>name</kw><subkw>of Dia!kwain&apos;s father</subkw></keyword>
<keyword><kw>name</kw><subkw>Xaa-ttin&apos;s accident</subkw></keyword>
<keyword><kw>name</kw><subkw>accounting for the giving of Xaa-ttin&apos;s</subkw></keyword>
<keyword><kw>personal history</kw><subkw>the giving of Dia!kwain&apos;s father&apos;s name</subkw></keyword>
<keyword><kw>personal history</kw><subkw>of Dia!kwain and his relations</subkw></keyword>
<keyword><kw>personal history</kw><subkw>Xaa-ttin&apos;s accident</subkw></keyword>
<keyword><kw>hunting</kw><subkw>Xaa-ttin&apos;s accident while after springbok</subkw></keyword>

<page><file>A2_1_69_05572.JPG</file><book>BC_151_A2_1_069</book></page>
<page><file>A2_1_69_05573.JPG</file><book>BC_151_A2_1_069</book></page>
</item>
