<item type="story"><id>32</id>
<collection>Wilhelm Bleek notebooks</collection>
<title>Sun, Moon, and stars</title>
<summary>Various statements are given with regard to the nature and movements of the celestial bodies. The first of these treats of the Moon and Stars, ending with the “Bushman–rice” Star Canopus...the second treats of Sun, Moon, and Stars (B II. 377–379); and the third, of the same (L II.–1. 214 and 215)</summary><comments>1) This story is found in Book II</comments><date>1871</date><storypages>377-378</storypages><category>Celestial bodies and aeroscopy</category><author>||kabbo (Jantje) (II)</author><keyword><kw>Moon</kw><subkw>Sun, Moon, and stars</subkw></keyword>
<keyword><kw>Moon</kw><subkw>description of</subkw></keyword>
<keyword><kw>Moon</kw><subkw>about</subkw></keyword>
<keyword><kw>Moon</kw><subkw>doings of</subkw></keyword>
<keyword><kw>Moon</kw><subkw>is a &apos;different thing&apos;</subkw></keyword>
<keyword><kw>Moon</kw><subkw>is cold</subkw></keyword>
<keyword><kw>Moon</kw><subkw>the colour of</subkw></keyword>
<keyword><kw>Sun</kw><subkw>Sun, Moon, and stars</subkw></keyword>
<keyword><kw>Sun</kw><subkw>the colour of</subkw></keyword>
<keyword><kw>Sun</kw><subkw>description of</subkw></keyword>
<keyword><kw>Sun</kw><subkw>about</subkw></keyword>
<keyword><kw>Sun</kw><subkw>is warm</subkw></keyword>
<keyword><kw>Sun</kw><subkw>is a &apos;different thing&apos;</subkw></keyword>
<keyword><kw>different things</kw><subkw>the Sun and Moon are</subkw></keyword>
<keyword><kw>temperature</kw><subkw>of the Sun, Moon and stars</subkw></keyword>
<keyword><kw>temperature</kw><subkw>of the Sun is warm</subkw></keyword>
<keyword><kw>temperature</kw><subkw>of the stars is cold</subkw></keyword>
<keyword><kw>temperature</kw><subkw>of the Moon is cold</subkw></keyword>
<keyword><kw>stars</kw><subkw>Sun, Moon, and stars</subkw></keyword>
<keyword><kw>stars</kw><subkw>children of</subkw></keyword>
<keyword><kw>stars</kw><subkw>are &apos;different&apos;</subkw></keyword>
<keyword><kw>stars</kw><subkw>are &apos;many&apos;</subkw></keyword>
<keyword><kw>stars</kw><subkw>are &apos;red</subkw></keyword>
<keyword><kw>stars</kw><subkw>are &apos;cold&apos;</subkw></keyword>
<keyword><kw>stars</kw><subkw>about</subkw></keyword>
<keyword><kw>stars</kw><subkw>description of</subkw></keyword>
<keyword><kw>stars</kw><subkw>the colour of</subkw></keyword>
<keyword><kw>child</kw><subkw>star&apos;s</subkw></keyword>
<keyword><kw>child</kw><subkw>and Sun, Moon, and stars</subkw></keyword>

<page><file>A1_4_2_00377.JPG</file><book>BC_151_A1_4_002</book></page>
<page><file>A1_4_2_00378.JPG</file><book>BC_151_A1_4_002</book></page>
</item>
