<item type="story"><id>592</id>
<collection>Lucy Lloyd |xam notebooks</collection>
<title>The north wind</title>
<summary><i>Wind and Weather. The Four Winds. By /han≠kass’o (L VIII.-1. 6096–6101).</i> The north wind blows underneath the rain-clouds and makes them strong.</summary><comments>1) See also <i>The south wind </i>and<i> The east wind </i>and<i> The west wind,</i> 2) This story is found in Book VIII-1</comments><date>21 January 1878</date><storypages>6096-6097</storypages><category>Custom and daily life</category><category>Celestial bodies and aeroscopy</category><author>|han≠kass'o (Klein Jantje) (VIII)</author><keyword><kw>rain</kw><subkw>and the north wind</subkw></keyword>
<keyword><kw>rain</kw><subkw>the wind that brings</subkw></keyword>
<keyword><kw>rain</kw><subkw>its clouds</subkw></keyword>
<keyword><kw>rain</kw><subkw>its wind</subkw></keyword>
<keyword><kw>north wind</kw><subkw>brings rain-clouds</subkw></keyword>
<keyword><kw>north wind</kw><subkw>blows underneath clouds</subkw></keyword>
<keyword><kw>north wind</kw><subkw>is the rain&apos;s wind</subkw></keyword>
<keyword><kw>north wind</kw><subkw>is strong</subkw></keyword>
<keyword><kw>north wind</kw><subkw>is called !khwe a tss&apos;u !kun sho</subkw></keyword>
<keyword><kw>wind</kw><subkw>the north wind and the rain</subkw></keyword>
<keyword><kw>wind</kw><subkw>and weather</subkw></keyword>
<keyword><kw>wind</kw><subkw>the four winds</subkw></keyword>
<keyword><kw>wind</kw><subkw>names of</subkw></keyword>
<keyword><kw>wind</kw><subkw>and the rain</subkw></keyword>
<keyword><kw>wind</kw><subkw>the place of</subkw></keyword>
<keyword><kw>wind</kw><subkw>different types of</subkw></keyword>
<keyword><kw>name</kw><subkw>of the north wind is !khwe a tss&apos;u !kun sho</subkw></keyword>
<keyword><kw>name</kw><subkw>the north wind and the rain</subkw></keyword>
<keyword><kw>name</kw><subkw>names of different types of winds</subkw></keyword>
<keyword><kw>place</kw><subkw>the wind&apos;s</subkw></keyword>
<keyword><kw>place</kw><subkw>and the north wind</subkw></keyword>
<keyword><kw>weather</kw><subkw>and the north wind</subkw></keyword>

<page><file>A2_1_76_06096.JPG</file><book>BC_151_A2_1_076</book></page>
<page><file>A2_1_76_06097.JPG</file><book>BC_151_A2_1_076</book></page>
</item>
