<item type="story"><id>938</id>
<collection>Lucy Lloyd |xam notebooks</collection>
<title>Covers and first pages of Lloyd&apos;s Book III-1 or BC151_A2_1_125</title>

<page><file>A2_1_125_FRTCV.JPG</file><book>BC_151_A2_1_125</book></page>
<page><file>A2_1_125_INFRT.JPG</file><book>BC_151_A2_1_125</book></page>
<page><file>A2_1_125_IN1FT.JPG</file><book>BC_151_A2_1_125</book></page>
<page><file>A2_1_125_IN2FT.JPG</file><book>BC_151_A2_1_125</book></page>
<page><file>A2_1_125_00507.JPG</file><book>BC_151_A2_1_125</book></page>
<page><file>A2_1_125_00570.JPG</file><book>BC_151_A2_1_125</book></page>
<page><file>A2_1_125_IN1BK.JPG</file><book>BC_151_A2_1_125</book></page>
<page><file>A2_1_125_IN2BK.JPG</file><book>BC_151_A2_1_125</book></page>
<page><file>A2_1_125_BCKCV.JPG</file><book>BC_151_A2_1_125</book></page>
</item>
