<item type="story"><id>362</id>
<collection>Lucy Lloyd |xam notebooks</collection>
<title>The name of a star in the Katkop dialect: the Hare&apos;s star </title>
<summary><i>The names of a number of Stars have been ascertained with the kind help of Mr. Maclear. Besides a separate alphabetical index to the Stars, the names of some are given in a supplementary list (B XXV. 2345–2347 and 2354); whilst another list in the Katkop dialect has not yet been identified on the map of the sky (L IV. –4. 3882 and 3901–3907). </i> A short piece on the Hare&apos;s star (or !nau ka |kuatti) describing where it can be seen in January 1874.</summary><comments>1) See also<i> Names of stars</i> and <i>Bushman names for the star Canopus</i>, 2) This story is found in Book IV-4</comments><date>22 January 1874</date><storypages>3882</storypages><category>Celestial bodies and aeroscopy</category><author>≠kasin (Klaas Katkop) (IV)</author><author>Dia!kwain (David Hoesar) (V)</author><keyword><kw>star</kw><subkw>the Hare&apos;s star</subkw></keyword>
<keyword><kw>star</kw><subkw>the name of</subkw></keyword>
<keyword><kw>star</kw><subkw>the Koranna name of</subkw></keyword>
<keyword><kw>star</kw><subkw>its name in Katkop dialect is !nau ka |kuatti</subkw></keyword>
<keyword><kw>star</kw><subkw>description of</subkw></keyword>
<keyword><kw>star</kw><subkw>the Dutch or &apos;Boer&apos; name of</subkw></keyword>
<keyword><kw>star</kw><subkw>where it can be seen in January 1874</subkw></keyword>
<keyword><kw>name</kw><subkw>of a star in the Katkop dialect</subkw></keyword>
<keyword><kw>name</kw><subkw>the Hare&apos;s star or !nau ka |kuatti</subkw></keyword>
<keyword><kw>name</kw><subkw>Koranna, of the star</subkw></keyword>
<keyword><kw>name</kw><subkw>Dutch or &apos;Boer&apos;, of the star</subkw></keyword>
<keyword><kw>Hare</kw><subkw>the Hare&apos;s star</subkw></keyword>

<page><file>A2_1_49_03882.JPG</file><book>BC_151_A2_1_049</book></page>
</item>
