<item type="story"><id>754</id>
<collection>Lucy Lloyd |xam notebooks</collection>
<title>Grass in Bushmanland that resembles brushes</title>
<summary>A note describing different types of grasses found in Bushmanland, as well as various kinds of brushes (used for wiping the face).</summary><comments>1) This story is found in Books VIII-17 and VIII-18</comments><date>2 &amp; 3 October 1878 </date><storypages>7547v &amp; 7550opp</storypages><category>Custom and daily life</category><category>Artefact and dress</category><author>|han≠kass'o (Klein Jantje) (VIII)</author><keyword><kw>grasses</kw><subkw>that resemble the brushes of the Early Race</subkw></keyword>
<keyword><kw>grasses</kw><subkw>sizes of</subkw></keyword>
<keyword><kw>grasses</kw><subkw>different types of</subkw></keyword>
<keyword><kw>grasses</kw><subkw>a small grass is called &apos;jackal&apos;s brush&apos;</subkw></keyword>
<keyword><kw>grasses</kw><subkw>a large grass is called &apos;hyena&apos;s brush&apos;</subkw></keyword>
<keyword><kw>grasses</kw><subkw>the name of</subkw></keyword>
<keyword><kw>grasses</kw><subkw>||kabbeten-|kou</subkw></keyword>
<keyword><kw>grasses</kw><subkw>found in Bushmanland</subkw></keyword>
<keyword><kw>grasses</kw><subkw>resembling feather brushes</subkw></keyword>
<keyword><kw>grasses</kw><subkw>a description of</subkw></keyword>
<keyword><kw>grasses</kw><subkw>the appearance of</subkw></keyword>
<keyword><kw>brush</kw><subkw>different types of brushes</subkw></keyword>
<keyword><kw>brush</kw><subkw>a grass that resembles</subkw></keyword>
<keyword><kw>brush</kw><subkw>the names of brushes</subkw></keyword>
<keyword><kw>brush</kw><subkw>&apos;jackal&apos;s -&apos;</subkw></keyword>
<keyword><kw>brush</kw><subkw>&apos;hyena&apos;s-&apos;</subkw></keyword>
<keyword><kw>brush</kw><subkw>for wiping the face</subkw></keyword>
<keyword><kw>brush</kw><subkw>feather-</subkw></keyword>
<keyword><kw>brush</kw><subkw>a grass resembles those belonging to the Early Race</subkw></keyword>
<keyword><kw>Early Race</kw><subkw>their brushes resemble a certain kind of grass</subkw></keyword>
<keyword><kw>names</kw><subkw>of grasses found in Bushmanland</subkw></keyword>
<keyword><kw>names</kw><subkw>a small grass is called &apos;jackal&apos;s brush&apos;</subkw></keyword>
<keyword><kw>names</kw><subkw>a large grass is called &apos;hyena&apos;s brush&apos;</subkw></keyword>
<keyword><kw>names</kw><subkw>a grass called ||kabbeten-|kou</subkw></keyword>
<keyword><kw>feather brushes</kw><subkw>grass that resembles</subkw></keyword>

<page><file>A2_1_92_07548.JPG</file><book>BC_151_A2_1_092</book></page>
<page><file>A2_1_93_07550.JPG</file><book>BC_151_A2_1_093</book></page>
</item>
