<item type="story"><id>338</id>
<collection>Lucy Lloyd |xam notebooks</collection>
<title><i>!gweh</i> or <i>Malkop Gift</i> (poisons)</title>
<summary><i>Bushman poisons: their names given in Bushman, but the remarks respecting them in English only, after ≠kásin (L IV.-1. 3472-3480).</i> Names and descriptions of poisons, including where they are found and how they are used and prepared, and their effects on people and the game they have shot for eating.</summary><comments>1) Date on p.3479: 10 November, 2) This story is found in Book IV-1</comments><date>10 November 1873 (finished on or about)</date><storypages>3472-3480</storypages><category>Custom and daily life</category><category>Plants and animals</category><author>≠kasin (Klaas Katkop) (IV)</author><keyword><kw>poisons</kw><subkw>!gweh or Malkop Gift</subkw></keyword>
<keyword><kw>poisons</kw><subkw>poisonous plants</subkw></keyword>
<keyword><kw>poisons</kw><subkw>used by Koranna</subkw></keyword>
<keyword><kw>poisons</kw><subkw>used by |xam</subkw></keyword>
<keyword><kw>poisons</kw><subkw>the preparation of</subkw></keyword>
<keyword><kw>poisons</kw><subkw>combinations of different</subkw></keyword>
<keyword><kw>poisons</kw><subkw>and wounds</subkw></keyword>
<keyword><kw>poisons</kw><subkw>used in hunting</subkw></keyword>
<keyword><kw>poisons</kw><subkw>and eating game</subkw></keyword>
<keyword><kw>poisons</kw><subkw>bartering for</subkw></keyword>
<keyword><kw>poisons</kw><subkw>the effects of</subkw></keyword>
<keyword><kw>poisons</kw><subkw>prohibitions relating to</subkw></keyword>
<keyword><kw>poisons</kw><subkw>that kill people</subkw></keyword>
<keyword><kw>poisons</kw><subkw>and weapons</subkw></keyword>
<keyword><kw>poisons</kw><subkw>and intoxication</subkw></keyword>
<keyword><kw>poisons</kw><subkw>and gender</subkw></keyword>
<keyword><kw>poisons</kw><subkw>from ≠kasin&apos;s place</subkw></keyword>
<keyword><kw>poisons</kw><subkw>from snakes</subkw></keyword>
<keyword><kw>poisons</kw><subkw>the names of different</subkw></keyword>
<keyword><kw>poisons</kw><subkw>where they are found</subkw></keyword>
<keyword><kw>poisons</kw><subkw>descriptions of</subkw></keyword>
<keyword><kw>plants</kw><subkw>used in making of poisons</subkw></keyword>
<keyword><kw>plants</kw><subkw>the names of</subkw></keyword>
<keyword><kw>snakes</kw><subkw>used in making of poisons</subkw></keyword>
<keyword><kw>snakes</kw><subkw>the names of</subkw></keyword>
<keyword><kw>names</kw><subkw>of plants used for making poisons</subkw></keyword>
<keyword><kw>names</kw><subkw>of poisons</subkw></keyword>
<keyword><kw>names</kw><subkw>Dutch and |xam</subkw></keyword>
<keyword><kw>names</kw><subkw>of poisonous snakes</subkw></keyword>
<keyword><kw>bartering</kw><subkw>for poison</subkw></keyword>
<keyword><kw>Koranna</kw><subkw>poisons used by</subkw></keyword>
<keyword><kw>intoxication</kw><subkw>and poisonous plants</subkw></keyword>
<keyword><kw>weapons</kw><subkw>and poisons</subkw></keyword>
<keyword><kw>game</kw><subkw>eating poisoned</subkw></keyword>
<keyword><kw>game</kw><subkw>effects of poison on</subkw></keyword>
<keyword><kw>game</kw><subkw>poisoning of weapons used for hunting</subkw></keyword>
<keyword><kw>place</kw><subkw>poisons found at ≠kasin&apos;s</subkw></keyword>
<keyword><kw>≠kasin&apos;s</kw><subkw>poisons found at his place</subkw></keyword>

<page><file>A2_1_44_03472.JPG</file><book>BC_151_A2_1_044</book></page>
<page><file>A2_1_44_03473.JPG</file><book>BC_151_A2_1_044</book></page>
<page><file>A2_1_44_03474.JPG</file><book>BC_151_A2_1_044</book></page>
<page><file>A2_1_44_03475.JPG</file><book>BC_151_A2_1_044</book></page>
<page><file>A2_1_44_03476.JPG</file><book>BC_151_A2_1_044</book></page>
<page><file>A2_1_44_03477.JPG</file><book>BC_151_A2_1_044</book></page>
<page><file>A2_1_44_03478.JPG</file><book>BC_151_A2_1_044</book></page>
<page><file>A2_1_44_03479.JPG</file><book>BC_151_A2_1_044</book></page>
<page><file>A2_1_44_03480.JPG</file><book>BC_151_A2_1_044</book></page>
</item>
