<item type="story"><id>1061</id>
<collection>Lucy Lloyd !kun notebooks</collection>
<title>Covers and first pages of Lloyd&apos;s Book XI &amp; XII-10 or BC151_A2_1_118</title>

<page><file>A2_1_118_FRTCV.JPG</file><book>BC_151_A2_1_118</book></page>
<page><file>A2_1_118_INFRT.JPG</file><book>BC_151_A2_1_118</book></page>
<page><file>A2_1_118_CON01.JPG</file><book>BC_151_A2_1_118</book></page>
<page><file>A2_1_118_INS01.JPG</file><book>BC_151_A2_1_118</book></page>
<page><file>A2_1_118_BCKCV.JPG</file><book>BC_151_A2_1_118</book></page>
</item>
