<item type="story"><id>354</id>
<collection>Lucy Lloyd |xam notebooks</collection>
<title>Covers and first pages of Lloyd&apos;s Book IV-3 or BC151_A2_1_047</title>

<page><file>A2_1_47_FRTCV.JPG</file><book>BC_151_A2_1_047</book></page>
<page><file>A2_1_47_CON01.JPG</file><book>BC_151_A2_1_047</book></page>
<page><file>A2_1_47_03738.JPG</file><book>BC_151_A2_1_047</book></page>
<page><file>A2_1_47_03792.JPG</file><book>BC_151_A2_1_047</book></page>
<page><file>A2_1_47_BCKCV.JPG</file><book>BC_151_A2_1_047</book></page>
</item>
