<item type="story"><id>701</id>
<collection>Lucy Lloyd |xam notebooks</collection>
<title>Wind, weather and springbok hunting</title>
<summary>A story about the wind and the rain and the hunting of springbok. People who live facing the rain get their weapons wet, causing bowstrings to break. When the children shoot windward at the herd of springbok, they quickly turn and run leeward. The speaker intends to go and wait at the springbok&apos;s water-course or footpaths where they will turn and run along. The springbok must be driven by the women in the evening because they go leeward and behave better when it is cool.</summary><comments>1) Date on p.7232: 19 July, 2) p.7220v: see <i>The !kwana thorn tree, 3) p.7</i>226v: see <i>The springbok resemble the water of the sea: a note about hunting</i>, 3) pp.7229v-7230v: see <i>The intelligence and timidity of the jackal</i>, 4) p.7233v: the |xam names for parts of plants; the translation of &apos;evening&apos; could be &apos;cooling&apos; (a query here by Lloyd), 5) p.7234v: what the |xam say to the arrow that has &apos;missed&apos;; the name of a &apos;good&apos; arrow is |<i>gebbi</i>, 6) This story is found in Book VIII-14</comments><date>July 1878</date><storypages>7221-7235</storypages><category>The Rain and Rain&apos;s water</category><category>Custom and daily life</category><category>Celestial bodies and aeroscopy</category><author>|han≠kass'o (Klein Jantje) (VIII)</author><keyword><kw>hunting</kw><subkw>springbok</subkw></keyword>
<keyword><kw>hunting</kw><subkw>wind, weather and springbok hunting</subkw></keyword>
<keyword><kw>hunting</kw><subkw>ways of shooting</subkw></keyword>
<keyword><kw>hunting</kw><subkw>successful and unsuccessful</subkw></keyword>
<keyword><kw>hunting</kw><subkw>and the time of day</subkw></keyword>
<keyword><kw>hunting</kw><subkw>behaviour of springbok in warm and cool weather</subkw></keyword>
<keyword><kw>hunting</kw><subkw>and arrows that miss</subkw></keyword>
<keyword><kw>hunting</kw><subkw>follows rain</subkw></keyword>
<keyword><kw>hunting</kw><subkw>and the east wind</subkw></keyword>
<keyword><kw>hunting</kw><subkw>the role played by men, women and children</subkw></keyword>
<keyword><kw>hunting</kw><subkw>a description of a hunt</subkw></keyword>
<keyword><kw>hunting</kw><subkw>methods</subkw></keyword>
<keyword><kw>hunting</kw><subkw>women drive</subkw></keyword>
<keyword><kw>hunting</kw><subkw>children run</subkw></keyword>
<keyword><kw>hunting</kw><subkw>and waiting for springbok</subkw></keyword>
<keyword><kw>hunting</kw><subkw>and heading off springbok</subkw></keyword>
<keyword><kw>hunting</kw><subkw>and building shelters of bushes</subkw></keyword>
<keyword><kw>hunting</kw><subkw>shooting windward</subkw></keyword>
<keyword><kw>hunting</kw><subkw>running leeward</subkw></keyword>
<keyword><kw>wind</kw><subkw>is a &apos;beast of prey&apos;</subkw></keyword>
<keyword><kw>wind</kw><subkw>shooting windward</subkw></keyword>
<keyword><kw>wind</kw><subkw>running leeward</subkw></keyword>
<keyword><kw>wind</kw><subkw>and weather and springbok hunting</subkw></keyword>
<keyword><kw>wind</kw><subkw>the east</subkw></keyword>
<keyword><kw>wind</kw><subkw>how the people address it</subkw></keyword>
<keyword><kw>wind</kw><subkw>different kinds of</subkw></keyword>
<keyword><kw>wind</kw><subkw>and the position of houses</subkw></keyword>
<keyword><kw>wind</kw><subkw>and the rain</subkw></keyword>
<keyword><kw>address</kw><subkw>of the wind and hunting</subkw></keyword>
<keyword><kw>address</kw><subkw>wind, weather and springbok hunting</subkw></keyword>
<keyword><kw>springbok</kw><subkw>wind, weather and hunting of</subkw></keyword>
<keyword><kw>springbok</kw><subkw>methods of hunting</subkw></keyword>
<keyword><kw>springbok</kw><subkw>disperse when it is warm</subkw></keyword>
<keyword><kw>springbok</kw><subkw>their behaviour when it is cool</subkw></keyword>
<keyword><kw>springbok</kw><subkw>their behaviour and time of the day</subkw></keyword>
<keyword><kw>springbok</kw><subkw>their habits and actions</subkw></keyword>
<keyword><kw>springbok</kw><subkw>the driving of</subkw></keyword>
<keyword><kw>springbok</kw><subkw>their &apos;foot-paths&apos;</subkw></keyword>
<keyword><kw>springbok</kw><subkw>their &apos;water-courses&apos;</subkw></keyword>
<keyword><kw>springbok</kw><subkw>hunting and the rain</subkw></keyword>
<keyword><kw>rain</kw><subkw>wind, weather and springbok hunting</subkw></keyword>
<keyword><kw>rain</kw><subkw>and the building of houses</subkw></keyword>
<keyword><kw>rain</kw><subkw>and the wind and springbok hunting</subkw></keyword>
<keyword><kw>rain</kw><subkw>and the east wind</subkw></keyword>
<keyword><kw>rain</kw><subkw>and the actions of the springbok</subkw></keyword>
<keyword><kw>rain</kw><subkw>springbok hunting follows</subkw></keyword>
<keyword><kw>rain</kw><subkw>makes bowstrings break</subkw></keyword>
<keyword><kw>arrows</kw><subkw>wind, weather and springbok hunting</subkw></keyword>
<keyword><kw>arrows</kw><subkw>are &apos;beasts of prey&apos;</subkw></keyword>
<keyword><kw>arrows</kw><subkw>ways of addressing</subkw></keyword>
<keyword><kw>arrows</kw><subkw>that fly &apos;nicely&apos;</subkw></keyword>
<keyword><kw>arrows</kw><subkw>good and bad</subkw></keyword>
<keyword><kw>arrows</kw><subkw>that &apos;miss&apos;</subkw></keyword>
<keyword><kw>arrows</kw><subkw>and the actions of the springbok</subkw></keyword>
<keyword><kw>arrows</kw><subkw>the name of a good arrow</subkw></keyword>
<keyword><kw>evening</kw><subkw>and hunting springbok</subkw></keyword>
<keyword><kw>evening</kw><subkw>&apos;cooling&apos;</subkw></keyword>
<keyword><kw>evening</kw><subkw>wind, weather and springbok hunting</subkw></keyword>
<keyword><kw>weather</kw><subkw>and wind and springbok hunting</subkw></keyword>
<keyword><kw>weather</kw><subkw>warm and cold</subkw></keyword>
<keyword><kw>weather</kw><subkw>and the actions of springbok</subkw></keyword>
<keyword><kw>names</kw><subkw>of good and bad arrows</subkw></keyword>
<keyword><kw>names</kw><subkw>and wind, weather and springbok hunting</subkw></keyword>
<keyword><kw>names</kw><subkw>of different winds</subkw></keyword>
<keyword><kw>beasts of prey</kw><subkw>a wind which is a</subkw></keyword>
<keyword><kw>beasts of prey</kw><subkw>an arrow which is a</subkw></keyword>
<keyword><kw>beasts of prey</kw><subkw>and wind, weather and springbok hunting</subkw></keyword>
<keyword><kw>women</kw><subkw>drive springbok</subkw></keyword>
<keyword><kw>women</kw><subkw>wind, weather and springbok hunting</subkw></keyword>
<keyword><kw>children</kw><subkw>run after springbok</subkw></keyword>
<keyword><kw>children</kw><subkw>wind, weather and springbok hunting</subkw></keyword>
<keyword><kw>shelters</kw><subkw>of bushes in springbok hunting</subkw></keyword>
<keyword><kw>shelters</kw><subkw>wind, weather and springbok hunting</subkw></keyword>
<keyword><kw>bush</kw><subkw>shelters used in springbok hunting</subkw></keyword>
<keyword><kw>bush</kw><subkw>wind, weather and springbok hunting</subkw></keyword>
<keyword><kw>houses</kw><subkw>the building of</subkw></keyword>
<keyword><kw>houses</kw><subkw>the direction they face</subkw></keyword>
<keyword><kw>houses</kw><subkw>the positioning of</subkw></keyword>
<keyword><kw>houses</kw><subkw>and the rain and the wind</subkw></keyword>
<keyword><kw>houses</kw><subkw>wind, weather and springbok hunting</subkw></keyword>

<page><file>A2_1_89_07221.JPG</file><book>BC_151_A2_1_089</book></page>
<page><file>A2_1_89_07222.JPG</file><book>BC_151_A2_1_089</book></page>
<page><file>A2_1_89_07223.JPG</file><book>BC_151_A2_1_089</book></page>
<page><file>A2_1_89_07224.JPG</file><book>BC_151_A2_1_089</book></page>
<page><file>A2_1_89_07225.JPG</file><book>BC_151_A2_1_089</book></page>
<page><file>A2_1_89_07226.JPG</file><book>BC_151_A2_1_089</book></page>
<page><file>A2_1_89_07227.JPG</file><book>BC_151_A2_1_089</book></page>
<page><file>A2_1_89_07228.JPG</file><book>BC_151_A2_1_089</book></page>
<page><file>A2_1_89_07229.JPG</file><book>BC_151_A2_1_089</book></page>
<page><file>A2_1_89_07230.JPG</file><book>BC_151_A2_1_089</book></page>
<page><file>A2_1_89_07231.JPG</file><book>BC_151_A2_1_089</book></page>
<page><file>A2_1_89_07232.JPG</file><book>BC_151_A2_1_089</book></page>
<page><file>A2_1_89_07233.JPG</file><book>BC_151_A2_1_089</book></page>
<page><file>A2_1_89_07234.JPG</file><book>BC_151_A2_1_089</book></page>
<page><file>A2_1_89_07235.JPG</file><book>BC_151_A2_1_089</book></page>
</item>
