<item type="story"><id>560</id>
<collection>Lucy Lloyd |xam notebooks</collection>
<title>Picture of Mr Orpen&apos;s</title>
<summary><i>A curious description of a dance and other doings of sorcerers was given in explanation of No. 3 of Mr Stow’s copies of Bushman paintings (L V.-22. 5755-5775). Further details regarding sorcerers (suggested by Mr J.M. Orpen’s copy of Bushman paintings – published in the </i>Cape Monthly Magazine<i> for July, 1874) were also given by Díä!kwãin (L V.-25. 6008-6013).</i> People who die of &apos;sorcery&apos; without feeling ill and how sorcerers strengthen their senses. They are not ordinary people. </summary><comments>1) p.6007v: Dia!kwain heard this story from his mother (≠kamme-an); a note on the thing held by the dancer in Orpen&apos;s picture seen in <i>Cape Monthly Magazine</i> (of July 1874); the |xam and Dutch name of a tortoise-shell in which buchu is kept; see <i>Jan Plat&apos;s aunt Natta sang the ≠gebbi-ggu </i>(see also p.6006v), 2) p.6008v: |xam names for animals (namely tortoises), 3) See also <i>Mr G. Stow&apos;s Bushman picture no. 3 (the ||ken dance)</i> and <i>Sorcerers and the ||ken dance</i>, 4) This story is found in Book V-25</comments><date>20 February 1876</date><storypages>6008-6013</storypages><category>Custom and daily life</category><category>Portention</category><author>Dia!kwain (David Hoesar) (V)</author><keyword><kw>magic things</kw><subkw>and Mr Orpen&apos;s picture of sorcerers</subkw></keyword>
<keyword><kw>magic things</kw><subkw>possessions of sorcerers</subkw></keyword>
<keyword><kw>sorcery</kw><subkw>kills people</subkw></keyword>
<keyword><kw>sorcery</kw><subkw>people who die of</subkw></keyword>
<keyword><kw>sorcery</kw><subkw>&apos;smelling&apos;</subkw></keyword>
<keyword><kw>sorcery</kw><subkw>and Mr Orpen&apos;s picture of sorcerers</subkw></keyword>
<keyword><kw>Orpen&apos;s picture</kw><subkw>a description of</subkw></keyword>
<keyword><kw>Orpen&apos;s picture</kw><subkw>a discussion of</subkw></keyword>
<keyword><kw>Orpen&apos;s picture</kw><subkw>of magical doings</subkw></keyword>
<keyword><kw>Orpen&apos;s picture</kw><subkw>of sorcery</subkw></keyword>
<keyword><kw>Orpen&apos;s picture</kw><subkw>of sorcerers</subkw></keyword>
<keyword><kw>sorcerers</kw><subkw>in Mr Orpen&apos;s picture</subkw></keyword>
<keyword><kw>sorcerers</kw><subkw>their rituals and ceremonies</subkw></keyword>
<keyword><kw>sorcerers</kw><subkw>strengthen themselves</subkw></keyword>
<keyword><kw>sorcerers</kw><subkw>their doings</subkw></keyword>
<keyword><kw>sorcerers</kw><subkw>their power</subkw></keyword>
<keyword><kw>sorcerers</kw><subkw>assume other forms</subkw></keyword>
<keyword><kw>sorcerers</kw><subkw>their actions</subkw></keyword>
<keyword><kw>sorcerers</kw><subkw>know things</subkw></keyword>
<keyword><kw>sorcerers</kw><subkw>sense and see things</subkw></keyword>
<keyword><kw>sorcerers</kw><subkw>their possessions</subkw></keyword>
<keyword><kw>sorcerers</kw><subkw>their magic things</subkw></keyword>
<keyword><kw>sorcerers</kw><subkw>smell people who die</subkw></keyword>
<keyword><kw>sorcerers</kw><subkw>and death</subkw></keyword>
<keyword><kw>sorcerers</kw><subkw>things that strengthen their senses</subkw></keyword>
<keyword><kw>sorcerers</kw><subkw>people&apos;s treatment of</subkw></keyword>
<keyword><kw>sorcerers</kw><subkw>bewitch and kill people</subkw></keyword>
<keyword><kw>sorcerers</kw><subkw>have things whose bodies they are</subkw></keyword>
<keyword><kw>ceremony</kw><subkw>of sorcerers in which they strengthen themselves</subkw></keyword>
<keyword><kw>ceremony</kw><subkw>and Mr Orpen&apos;s picture of sorcerers</subkw></keyword>
<keyword><kw>transformation</kw><subkw>and Mr Orpen&apos;s picture of sorcerers</subkw></keyword>
<keyword><kw>transformation</kw><subkw>sorcerers assume other forms</subkw></keyword>
<keyword><kw>death</kw><subkw>people who are killed by sorcery</subkw></keyword>
<keyword><kw>death</kw><subkw>and Mr Orpen&apos;s picture of sorcerers</subkw></keyword>
<keyword><kw>death</kw><subkw>sorcerers smell people who die</subkw></keyword>
<keyword><kw>rock art</kw><subkw>Mr Orpen&apos;s picture of sorcerers</subkw></keyword>
<keyword><kw>rock art</kw><subkw>Orpen&apos;s copies of Bushman paintings</subkw></keyword>
<keyword><kw>paintings</kw><subkw>Mr Orpen&apos;s picture of sorcerers</subkw></keyword>
<keyword><kw>paintings</kw><subkw>Orpen&apos;s copies of Bushman</subkw></keyword>

<page><file>A2_1_74_06008.JPG</file><book>BC_151_A2_1_074</book></page>
<page><file>A2_1_74_06009.JPG</file><book>BC_151_A2_1_074</book></page>
<page><file>A2_1_74_06010.JPG</file><book>BC_151_A2_1_074</book></page>
<page><file>A2_1_74_06011.JPG</file><book>BC_151_A2_1_074</book></page>
<page><file>A2_1_74_06012.JPG</file><book>BC_151_A2_1_074</book></page>
<page><file>A2_1_74_06013.JPG</file><book>BC_151_A2_1_074</book></page>
</item>
