<item type="story"><id>353</id>
<collection>Lucy Lloyd |xam notebooks</collection>
<title>The Mantis and !goe !kweitentu  </title>
<summary><i>Among the fights which the Mantis has with different personages and animals, one of the most interesting to the Bushman mind, is that with a being whose eyes are in his feet, instead of his head, which is smooth. Its usual name is !góë!kweitentu, but it has others, one of which seems identical with the Bushman name for the Ignis fatuus </i>[will o&apos; the wisp, or marsh gas]<i>. This personage, in the first instance, gives the Mantis a severe beating, but the latter, obtaining advice from his grandson, the Ichneumon, with regard to the proper method of attacking this foe, is ultimately victorious.  Of this myth we have three versions; a short one (L II.–9. 935–966), a long one (B II.391-420, III.461-500, XI.1027-1119, XII.1121-1170, XIX.1805-1871, XX.1872-1964, again pp1805-1816, 1872-1910, 2060-2152), and a third, in the Katkop dialect from Dia!kwãin, related to him by his mother ≠kámme–an, which is a continuation of his version of the myth of the Mantis and his pet eland (L V.-1. 3683-3700, V.–2. 3793-3861).</i> |kaggen (the Mantis) struggles to find !goe !kweitentu&apos;s eyes, which are hidden in his feet. !goe !kweitentu beats |kaggen who runs away. |kaggen fights !goe !kweitentu again and beats him on account of the advice he has received. He lies and says that his earlier defeat was only a test of !goe !kweitentu&apos;s strength and must have been a bad dream.</summary><comments>1) p.3682v: this story was related to Dia!kwain by his mother (≠kamme-an), 2) There are variations in the spelling of this being&apos;s name: !gwe-!kweiten-ttu, or !goe !kwaiten ttu, also sometimes known as &apos;eyes-in-his-feet&apos;, 3) Date on p.3793: 8 January 1874, 4) 3685v: |kaggen can tell !goe !kweitentu can see him, because !goe !kweitentu turns to keep him in view as |kaggen circles him 5) p.3693v: Dia!kwain says that !goe !kweitentu springs out from under |kaggen&apos;s stick like certain birds (divers) do at Kalk Bay in the Cape, 6) p.3801v: the |xam names of some of the stories that Dia!kwain remembers hearing from his mother, 7) p.3803v: Dia!kwain says that a |<i>karrityi</i> is a thing that is badly made or deformed (|kaggen had tried to make a gemsbok but it turned out badly), 8) pp.3813 &amp; 3814v: these pages feature a dialogue or conversation between |kaggen and !goe !kweitentu where each speaks in turn, 9) p.3855v: a note on !goe !kweitentu&apos;s other name (mmu mmu !k&apos;o),what it means and what the Dutch version of it is, 10) This story is found in Books V-1 &amp; V-2</comments><date>January – February 1874</date><storypages>3683-3700, 3793-3861</storypages><category>|kaggen (the Mantis)</category><author>Dia!kwain (David Hoesar) (V)</author><keyword><kw>!goe !kweitentu</kw><subkw>!gwe-!kweiten-ttu</subkw></keyword>
<keyword><kw>!goe !kweitentu</kw><subkw>Ignis fatuus</subkw></keyword>
<keyword><kw>!goe !kweitentu</kw><subkw>possibly will o&apos; the wisp, or marsh gas</subkw></keyword>
<keyword><kw>!goe !kweitentu</kw><subkw>|kaggen and</subkw></keyword>
<keyword><kw>!goe !kweitentu</kw><subkw>the location of its eyes</subkw></keyword>
<keyword><kw>!goe !kweitentu</kw><subkw>its eyes are between its toes</subkw></keyword>
<keyword><kw>!goe !kweitentu</kw><subkw>deceives and defeats |kaggen</subkw></keyword>
<keyword><kw>!goe !kweitentu</kw><subkw>its fight with |kaggen</subkw></keyword>
<keyword><kw>|kaggen</kw><subkw>the Mantis</subkw></keyword>
<keyword><kw>|kaggen</kw><subkw>and !goe !kweitentu</subkw></keyword>
<keyword><kw>|kaggen</kw><subkw>pretends to be cunning</subkw></keyword>
<keyword><kw>|kaggen</kw><subkw>is a stupid, bad thing</subkw></keyword>
<keyword><kw>|kaggen</kw><subkw>dreams</subkw></keyword>
<keyword><kw>|kaggen</kw><subkw>deceives</subkw></keyword>
<keyword><kw>|kaggen</kw><subkw>is untruthful</subkw></keyword>
<keyword><kw>|kaggen</kw><subkw>picks fights with others</subkw></keyword>
<keyword><kw>|kaggen</kw><subkw>is scolded</subkw></keyword>
<keyword><kw>|kaggen</kw><subkw>his friends</subkw></keyword>
<keyword><kw>|kaggen</kw><subkw>is deceived and is beaten by !goe !kweitentu</subkw></keyword>
<keyword><kw>|kaggen</kw><subkw>is advised by things</subkw></keyword>
<keyword><kw>|kaggen</kw><subkw>his things</subkw></keyword>
<keyword><kw>|kaggen</kw><subkw>fights !goe!kweitentu</subkw></keyword>
<keyword><kw>|kaggen</kw><subkw>searches for !goe !kweitentu&apos;s eyes</subkw></keyword>
<keyword><kw>|kaggen</kw><subkw>flees</subkw></keyword>
<keyword><kw>|kaggen</kw><subkw>throws dust in !goe !kweitentu&apos;s eyes</subkw></keyword>
<keyword><kw>|kaggen</kw><subkw>is advised on how to defeat !goe !kweitentu</subkw></keyword>
<keyword><kw>fight</kw><subkw>between |kaggen and !goe !kweitentu</subkw></keyword>
<keyword><kw>fight</kw><subkw>|kaggen picks fights with others</subkw></keyword>
<keyword><kw>things</kw><subkw>|kaggen&apos;s advise him</subkw></keyword>
<keyword><kw>things</kw><subkw>|kaggen and !goe !kweitentu</subkw></keyword>
<keyword><kw>dreams</kw><subkw>|kaggen&apos;s</subkw></keyword>
<keyword><kw>dreams</kw><subkw>|kaggen and !goe !kweitentu</subkw></keyword>

<page><file>A2_1_46_03683.JPG</file><book>BC_151_A2_1_046</book></page>
<page><file>A2_1_46_03684.JPG</file><book>BC_151_A2_1_046</book></page>
<page><file>A2_1_46_03685.JPG</file><book>BC_151_A2_1_046</book></page>
<page><file>A2_1_46_03686.JPG</file><book>BC_151_A2_1_046</book></page>
<page><file>A2_1_46_03687.JPG</file><book>BC_151_A2_1_046</book></page>
<page><file>A2_1_46_03688.JPG</file><book>BC_151_A2_1_046</book></page>
<page><file>A2_1_46_03689.JPG</file><book>BC_151_A2_1_046</book></page>
<page><file>A2_1_46_03690.JPG</file><book>BC_151_A2_1_046</book></page>
<page><file>A2_1_46_03691.JPG</file><book>BC_151_A2_1_046</book></page>
<page><file>A2_1_46_03692.JPG</file><book>BC_151_A2_1_046</book></page>
<page><file>A2_1_46_03693.JPG</file><book>BC_151_A2_1_046</book></page>
<page><file>A2_1_46_03694.JPG</file><book>BC_151_A2_1_046</book></page>
<page><file>A2_1_46_03695.JPG</file><book>BC_151_A2_1_046</book></page>
<page><file>A2_1_46_03696.JPG</file><book>BC_151_A2_1_046</book></page>
<page><file>A2_1_46_03697.JPG</file><book>BC_151_A2_1_046</book></page>
<page><file>A2_1_46_03698.JPG</file><book>BC_151_A2_1_046</book></page>
<page><file>A2_1_46_03699.JPG</file><book>BC_151_A2_1_046</book></page>
<page><file>A2_1_46_03700.JPG</file><book>BC_151_A2_1_046</book></page>
<page><file>A2_1_48_03793.JPG</file><book>BC_151_A2_1_048</book></page>
<page><file>A2_1_48_03794.JPG</file><book>BC_151_A2_1_048</book></page>
<page><file>A2_1_48_03795.JPG</file><book>BC_151_A2_1_048</book></page>
<page><file>A2_1_48_03796.JPG</file><book>BC_151_A2_1_048</book></page>
<page><file>A2_1_48_03797.JPG</file><book>BC_151_A2_1_048</book></page>
<page><file>A2_1_48_03798.JPG</file><book>BC_151_A2_1_048</book></page>
<page><file>A2_1_48_03799.JPG</file><book>BC_151_A2_1_048</book></page>
<page><file>A2_1_48_03800.JPG</file><book>BC_151_A2_1_048</book></page>
<page><file>A2_1_48_03801.JPG</file><book>BC_151_A2_1_048</book></page>
<page><file>A2_1_48_03802.JPG</file><book>BC_151_A2_1_048</book></page>
<page><file>A2_1_48_03803.JPG</file><book>BC_151_A2_1_048</book></page>
<page><file>A2_1_48_03804.JPG</file><book>BC_151_A2_1_048</book></page>
<page><file>A2_1_48_03805.JPG</file><book>BC_151_A2_1_048</book></page>
<page><file>A2_1_48_03806.JPG</file><book>BC_151_A2_1_048</book></page>
<page><file>A2_1_48_03807.JPG</file><book>BC_151_A2_1_048</book></page>
<page><file>A2_1_48_03808.JPG</file><book>BC_151_A2_1_048</book></page>
<page><file>A2_1_48_03809.JPG</file><book>BC_151_A2_1_048</book></page>
<page><file>A2_1_48_03810.JPG</file><book>BC_151_A2_1_048</book></page>
<page><file>A2_1_48_03811.JPG</file><book>BC_151_A2_1_048</book></page>
<page><file>A2_1_48_03812.JPG</file><book>BC_151_A2_1_048</book></page>
<page><file>A2_1_48_03813.JPG</file><book>BC_151_A2_1_048</book></page>
<page><file>A2_1_48_03814.JPG</file><book>BC_151_A2_1_048</book></page>
<page><file>A2_1_48_03815.JPG</file><book>BC_151_A2_1_048</book></page>
<page><file>A2_1_48_03816.JPG</file><book>BC_151_A2_1_048</book></page>
<page><file>A2_1_48_03817.JPG</file><book>BC_151_A2_1_048</book></page>
<page><file>A2_1_48_03818.JPG</file><book>BC_151_A2_1_048</book></page>
<page><file>A2_1_48_03819.JPG</file><book>BC_151_A2_1_048</book></page>
<page><file>A2_1_48_03820.JPG</file><book>BC_151_A2_1_048</book></page>
<page><file>A2_1_48_03821.JPG</file><book>BC_151_A2_1_048</book></page>
<page><file>A2_1_48_03822.JPG</file><book>BC_151_A2_1_048</book></page>
<page><file>A2_1_48_03823.JPG</file><book>BC_151_A2_1_048</book></page>
<page><file>A2_1_48_03824.JPG</file><book>BC_151_A2_1_048</book></page>
<page><file>A2_1_48_03825.JPG</file><book>BC_151_A2_1_048</book></page>
<page><file>A2_1_48_03826.JPG</file><book>BC_151_A2_1_048</book></page>
<page><file>A2_1_48_03827.JPG</file><book>BC_151_A2_1_048</book></page>
<page><file>A2_1_48_03828.JPG</file><book>BC_151_A2_1_048</book></page>
<page><file>A2_1_48_03829.JPG</file><book>BC_151_A2_1_048</book></page>
<page><file>A2_1_48_03830.JPG</file><book>BC_151_A2_1_048</book></page>
<page><file>A2_1_48_03831.JPG</file><book>BC_151_A2_1_048</book></page>
<page><file>A2_1_48_03832.JPG</file><book>BC_151_A2_1_048</book></page>
<page><file>A2_1_48_03833.JPG</file><book>BC_151_A2_1_048</book></page>
<page><file>A2_1_48_03834.JPG</file><book>BC_151_A2_1_048</book></page>
<page><file>A2_1_48_03835.JPG</file><book>BC_151_A2_1_048</book></page>
<page><file>A2_1_48_03836.JPG</file><book>BC_151_A2_1_048</book></page>
<page><file>A2_1_48_03837.JPG</file><book>BC_151_A2_1_048</book></page>
<page><file>A2_1_48_03838.JPG</file><book>BC_151_A2_1_048</book></page>
<page><file>A2_1_48_03839.JPG</file><book>BC_151_A2_1_048</book></page>
<page><file>A2_1_48_03840.JPG</file><book>BC_151_A2_1_048</book></page>
<page><file>A2_1_48_03841.JPG</file><book>BC_151_A2_1_048</book></page>
<page><file>A2_1_48_03842.JPG</file><book>BC_151_A2_1_048</book></page>
<page><file>A2_1_48_03843.JPG</file><book>BC_151_A2_1_048</book></page>
<page><file>A2_1_48_03844.JPG</file><book>BC_151_A2_1_048</book></page>
<page><file>A2_1_48_03845.JPG</file><book>BC_151_A2_1_048</book></page>
<page><file>A2_1_48_03846.JPG</file><book>BC_151_A2_1_048</book></page>
<page><file>A2_1_48_03847.JPG</file><book>BC_151_A2_1_048</book></page>
<page><file>A2_1_48_03848.JPG</file><book>BC_151_A2_1_048</book></page>
<page><file>A2_1_48_03849.JPG</file><book>BC_151_A2_1_048</book></page>
<page><file>A2_1_48_03850.JPG</file><book>BC_151_A2_1_048</book></page>
<page><file>A2_1_48_03851.JPG</file><book>BC_151_A2_1_048</book></page>
<page><file>A2_1_48_03852.JPG</file><book>BC_151_A2_1_048</book></page>
<page><file>A2_1_48_03853.JPG</file><book>BC_151_A2_1_048</book></page>
<page><file>A2_1_48_03854.JPG</file><book>BC_151_A2_1_048</book></page>
<page><file>A2_1_48_03855.JPG</file><book>BC_151_A2_1_048</book></page>
<page><file>A2_1_48_03856.JPG</file><book>BC_151_A2_1_048</book></page>
<page><file>A2_1_48_03857.JPG</file><book>BC_151_A2_1_048</book></page>
<page><file>A2_1_48_03858.JPG</file><book>BC_151_A2_1_048</book></page>
<page><file>A2_1_48_03859.JPG</file><book>BC_151_A2_1_048</book></page>
<page><file>A2_1_48_03860.JPG</file><book>BC_151_A2_1_048</book></page>
<page><file>A2_1_48_03861.JPG</file><book>BC_151_A2_1_048</book></page>
</item>
