<item type="story"><id>396</id>
<collection>Lucy Lloyd |xam notebooks</collection>
<title>About sorcerers</title>
<summary><i>The Bushman Doctor or Sorcerer (L II.-1. 273-275).  An account of these people was also given in the Katkop dialect by Dia!kwáin (L V.-3. 4122-4131), from whom we besides have two reports of cures performed upon himself. The first of these (L V.-3. 4132-4161, 4. 4162-4199) includes a speech made by the sorceress; the second relates how she cured him when injured by a Kafir (L V.-4. 4200-4230).</i> When the healer (<i>!gixa</i>) returns home after doing his work he &apos;trembles&apos; and the people give him buchu to smell to make his &apos;vertebral artery&apos; lie back down. A new healer has other healers&apos; &apos;work&apos; &apos;snored in to his veins so that he too can &apos;snore&apos; ill people.</summary><comments>1) p.4121v: Dia!kwain heard about this from his mother (≠kammi-an), but also saw it for himself; the |xam names of veins; Dr Stewart was consulted on the &apos;vertebral artery&apos;, 2) p.4126v: Dia!kwain says that there would be a &apos;spring&apos; of blood inside the body, or internal bleeding from the &apos;vertebral artery&apos;, 3) See also <i>The tale of a wise person or sorceress, what she said, when she talked with us</i> and <i>The story of a sorceress; that which she did when the Kafir had hurt my throat, she &apos;snored&apos; me, when my throat was swollen </i>and<i> About the &apos;Toornan&apos;: the Bushman witchdoctor</i>, 4) This story is found in Book V-3</comments><date>20 January 1875 (started)</date><storypages>4122-4131</storypages><category>Healing and ailing</category><category>Custom and daily life</category><author>Dia!kwain (David Hoesar) (V)</author><keyword><kw>sorcerer</kw><subkw>see healer</subkw></keyword>
<keyword><kw>healers</kw><subkw>about sorcerers</subkw></keyword>
<keyword><kw>healers</kw><subkw>!giten</subkw></keyword>
<keyword><kw>healers</kw><subkw>&apos;Bushman doctors&apos;</subkw></keyword>
<keyword><kw>healers</kw><subkw>making or becoming</subkw></keyword>
<keyword><kw>healers</kw><subkw>transformation of</subkw></keyword>
<keyword><kw>healers</kw><subkw>are taught by old people</subkw></keyword>
<keyword><kw>healers</kw><subkw>their work</subkw></keyword>
<keyword><kw>healers</kw><subkw>their work is not easy</subkw></keyword>
<keyword><kw>healers</kw><subkw>their return home</subkw></keyword>
<keyword><kw>healers</kw><subkw>their vertebral vein or artery</subkw></keyword>
<keyword><kw>healers</kw><subkw>and internal bleeding</subkw></keyword>
<keyword><kw>healers</kw><subkw>and snoring</subkw></keyword>
<keyword><kw>healers</kw><subkw>heal people</subkw></keyword>
<keyword><kw>healers</kw><subkw>their work is snored in their veins</subkw></keyword>
<keyword><kw>healers</kw><subkw>other sorcerers&apos; work is snored into their veins</subkw></keyword>
<keyword><kw>healers</kw><subkw>their recovery</subkw></keyword>
<keyword><kw>healers</kw><subkw>about their vein</subkw></keyword>
<keyword><kw>healers</kw><subkw>become lions</subkw></keyword>
<keyword><kw>healers</kw><subkw>become beasts of prey</subkw></keyword>
<keyword><kw>healers</kw><subkw>will kill people</subkw></keyword>
<keyword><kw>healers</kw><subkw>caring for them</subkw></keyword>
<keyword><kw>healers</kw><subkw>and singing and dancing of people</subkw></keyword>
<keyword><kw>healers</kw><subkw>the treatment of</subkw></keyword>
<keyword><kw>healers</kw><subkw>tremble</subkw></keyword>
<keyword><kw>healers</kw><subkw>their great vein</subkw></keyword>
<keyword><kw>healers</kw><subkw>their backbone</subkw></keyword>
<keyword><kw>healers</kw><subkw>become ill</subkw></keyword>
<keyword><kw>healers</kw><subkw>and buchu</subkw></keyword>
<keyword><kw>healers</kw><subkw>grow hair</subkw></keyword>
<keyword><kw>healers</kw><subkw>sneeze people</subkw></keyword>
<keyword><kw>healers</kw><subkw>are taught by other sorcerers</subkw></keyword>
<keyword><kw>healers</kw><subkw>the teaching of</subkw></keyword>
<keyword><kw>lions</kw><subkw>sorcerers become</subkw></keyword>
<keyword><kw>lions</kw><subkw>about sorcerers</subkw></keyword>
<keyword><kw>buchu</kw><subkw>healing with</subkw></keyword>
<keyword><kw>buchu</kw><subkw>its medicinal uses</subkw></keyword>
<keyword><kw>buchu</kw><subkw>and recovery of sorcerer</subkw></keyword>
<keyword><kw>buchu</kw><subkw>about sorcerers</subkw></keyword>
<keyword><kw>veins</kw><subkw>about sorcerers</subkw></keyword>
<keyword><kw>veins</kw><subkw>of sorcerers</subkw></keyword>
<keyword><kw>veins</kw><subkw>lie down</subkw></keyword>
<keyword><kw>veins</kw><subkw>stand up</subkw></keyword>
<keyword><kw>veins</kw><subkw>great</subkw></keyword>
<keyword><kw>veins</kw><subkw>in backbone</subkw></keyword>
<keyword><kw>veins</kw><subkw>and sorcerer&apos;s snoring work</subkw></keyword>
<keyword><kw>veins</kw><subkw>and snoring</subkw></keyword>
<keyword><kw>veins</kw><subkw>or vertebral artery</subkw></keyword>
<keyword><kw>veins</kw><subkw>and internal bleeding</subkw></keyword>
<keyword><kw>veins</kw><subkw>and trembling</subkw></keyword>
<keyword><kw>veins</kw><subkw>and buchu</subkw></keyword>
<keyword><kw>veins</kw><subkw>resists</subkw></keyword>
<keyword><kw>education</kw><subkw>about sorcerers</subkw></keyword>
<keyword><kw>education</kw><subkw>sorcerers are taught by other sorcerers</subkw></keyword>
<keyword><kw>education</kw><subkw>becoming a sorcerer</subkw></keyword>
<keyword><kw>education</kw><subkw>a new healer has other healers&apos; &apos;work&apos; &apos;snored&apos; in to his veins</subkw></keyword>
<keyword><kw>snoring</kw><subkw>about sorcerers and their work</subkw></keyword>
<keyword><kw>transformation</kw><subkw>of sorcerers who become lions</subkw></keyword>
<keyword><kw>transformation</kw><subkw>about sorcerers</subkw></keyword>
<keyword><kw>backbone</kw><subkw>of sorcerer</subkw></keyword>
<keyword><kw>backbone</kw><subkw>about sorcerers</subkw></keyword>
<keyword><kw>blood</kw><subkw>about sorcerers</subkw></keyword>
<keyword><kw>blood</kw><subkw>sorcerers and internal bleeding</subkw></keyword>
<keyword><kw>work</kw><subkw>about sorcerers</subkw></keyword>
<keyword><kw>work</kw><subkw>healing work of sorcerers</subkw></keyword>
<keyword><kw>work</kw><subkw>healer trembles after</subkw></keyword>
<keyword><kw>trembling</kw><subkw>about sorcerers</subkw></keyword>
<keyword><kw>trembling</kw><subkw>of sorcerer after &apos;snoring&apos; or healing work</subkw></keyword>
<keyword><kw>illness</kw><subkw>&apos;snored&apos; by healer</subkw></keyword>
<keyword><kw>illness</kw><subkw>about sorcerers</subkw></keyword>
<keyword><kw>beasts of prey</kw><subkw>sorcerers become</subkw></keyword>
<keyword><kw>beasts of prey</kw><subkw>about sorcerers</subkw></keyword>
<keyword><kw>sneezing</kw><subkw>and healing work</subkw></keyword>
<keyword><kw>sneezing</kw><subkw>about sorcerers</subkw></keyword>
<keyword><kw>healing</kw><subkw>work of sorcerers or healers</subkw></keyword>
<keyword><kw>healing</kw><subkw>the use of buchu</subkw></keyword>
<keyword><kw>healing</kw><subkw>about sorcerers</subkw></keyword>
<keyword><kw>healing</kw><subkw>sneezing</subkw></keyword>
<keyword><kw>healing</kw><subkw>snoring</subkw></keyword>
<keyword><kw>name</kw><subkw>used for healers is !giten</subkw></keyword>
<keyword><kw>name</kw><subkw>about sorcerers</subkw></keyword>
<keyword><kw>plant</kw><subkw>medicinal</subkw></keyword>
<keyword><kw>plant</kw><subkw>buchu</subkw></keyword>
<keyword><kw>plant</kw><subkw>about sorcerers</subkw></keyword>

<page><file>A2_1_52_04122.JPG</file><book>BC_151_A2_1_052</book></page>
<page><file>A2_1_52_04123.JPG</file><book>BC_151_A2_1_052</book></page>
<page><file>A2_1_52_04124.JPG</file><book>BC_151_A2_1_052</book></page>
<page><file>A2_1_52_04125.JPG</file><book>BC_151_A2_1_052</book></page>
<page><file>A2_1_52_04126.JPG</file><book>BC_151_A2_1_052</book></page>
<page><file>A2_1_52_04127.JPG</file><book>BC_151_A2_1_052</book></page>
<page><file>A2_1_52_04128.JPG</file><book>BC_151_A2_1_052</book></page>
<page><file>A2_1_52_04129.JPG</file><book>BC_151_A2_1_052</book></page>
<page><file>A2_1_52_04130.JPG</file><book>BC_151_A2_1_052</book></page>
<page><file>A2_1_52_04131.JPG</file><book>BC_151_A2_1_052</book></page>
</item>
