<item type="story"><id>1034</id>
<collection>Lucy Lloyd !kun notebooks</collection>
<title>The doings of |xue are many</title>
<summary>!nanni&apos;s paternal grandfather Karu tells him that the doings (or works) of |xue are numerous and not one, but many.</summary><comments>1)  See also <i>More about |xue</i>, 2) This story is found in Book XI &amp; XII-5</comments><date>18 March 1880</date><storypages>9401v </storypages><category>Transformation</category><author>!nanni (XI)</author><keyword><kw>|xue</kw><subkw>his works and doings are many</subkw></keyword>
<keyword><kw>|xue</kw><subkw>is many things</subkw></keyword>
<keyword><kw>|xue</kw><subkw>his works are numerous</subkw></keyword>
<keyword><kw>|xue</kw><subkw>what Karu taught !nanni about</subkw></keyword>
<keyword><kw>|xue</kw><subkw>teachings about</subkw></keyword>
<keyword><kw>!nanni</kw><subkw>what his paternal grandfather Karu told him about |xue</subkw></keyword>
<keyword><kw>transformation</kw><subkw>doings of |xue are many</subkw></keyword>
<keyword><kw>transformation</kw><subkw>the works and doings of |xue</subkw></keyword>
<keyword><kw>Karu</kw><subkw>!nanni&apos;s paternal grandfather</subkw></keyword>
<keyword><kw>Karu</kw><subkw>what he taught !nanni about |xue</subkw></keyword>

<page><file>A2_1_113_09402.JPG</file><book>BC_151_A2_1_113</book></page>
</item>
