<item type="story"><id>102</id>
<collection>Wilhelm Bleek notebooks</collection>
<title>When a man&apos;s flesh moves</title>
<summary>A note describing the excising of poisoned flesh from a wound. The flesh is warm and moves when alive but gets cold and dies.</summary><comments>1) See also <i>The Mantis turned into a hartebeest</i>, 2) This story is found in Book XXIV</comments><date>October 1873</date><storypages>2287v-2289v </storypages><category>Custom and daily life</category><author>||kabbo (Jantje) (II)</author><keyword><kw>poison</kw><subkw>cutting out</subkw></keyword>
<keyword><kw>poison</kw><subkw>poisoned flesh</subkw></keyword>
<keyword><kw>poison</kw><subkw>a poisoned wound</subkw></keyword>
<keyword><kw>poison</kw><subkw>excising</subkw></keyword>
<keyword><kw>poison</kw><subkw>when a man&apos;s flesh moves</subkw></keyword>
<keyword><kw>wound</kw><subkw>cutting out poisoned flesh from</subkw></keyword>
<keyword><kw>wound</kw><subkw>its &apos;mouth&apos;</subkw></keyword>
<keyword><kw>wound</kw><subkw>when a man&apos;s flesh moves</subkw></keyword>
<keyword><kw>flesh</kw><subkw>that moves</subkw></keyword>
<keyword><kw>flesh</kw><subkw>that dies</subkw></keyword>
<keyword><kw>flesh</kw><subkw>becomes cold</subkw></keyword>
<keyword><kw>flesh</kw><subkw>dies from coldness</subkw></keyword>
<keyword><kw>flesh</kw><subkw>warm</subkw></keyword>
<keyword><kw>flesh</kw><subkw>&apos;quivers&apos;</subkw></keyword>
<keyword><kw>flesh</kw><subkw>moves</subkw></keyword>
<keyword><kw>healing</kw><subkw>cutting out poisoned flesh</subkw></keyword>
<keyword><kw>healing</kw><subkw>when a man&apos;s flesh moves</subkw></keyword>
<keyword><kw>death</kw><subkw>flesh that dies</subkw></keyword>
<keyword><kw>death</kw><subkw>and when a man&apos;s flesh moves</subkw></keyword>

<page><file>A1_4_24_02288.JPG</file><book>BC_151_A1_4_024</book></page>
<page><file>A1_4_24_02289.JPG</file><book>BC_151_A1_4_024</book></page>
<page><file>A1_4_24_02290.JPG</file><book>BC_151_A1_4_024</book></page>
</item>
