<item type="story"><id>1094</id>
<collection>Lucy Lloyd !kun notebooks</collection>
<title>What the man says while cleansing himself</title>
<summary>The man who is cleansing himself (after shooting and killing another man) takes |kui fruit in his hands and speaks, saying that his heart must be calm and does not burn. The father-in-law says words that are intended for the relations of the man who has been killed.</summary><comments>1) See also <i>Purification after shooting a person </i>and <i>The manner in which a man who is being cleansed, is prepared for drinking water </i>and<i> Further particulars regarding the purification or cleansing (|koa)</i>, 2) This story is found in Book XI &amp; XII-11</comments><date>August 1881</date><storypages>9919-9920</storypages><category>Plants and animals</category><category>Custom and daily life</category><author>!nanni (XI)</author><keyword><kw>purification</kw><subkw>or |koa</subkw></keyword>
<keyword><kw>purification</kw><subkw>what the man says while cleansing himself</subkw></keyword>
<keyword><kw>purification</kw><subkw>a cleansing ceremony</subkw></keyword>
<keyword><kw>purification</kw><subkw>a speech during</subkw></keyword>
<keyword><kw>purification</kw><subkw>a ritual</subkw></keyword>
<keyword><kw>purification</kw><subkw>a description of the cleansing process</subkw></keyword>
<keyword><kw>purification</kw><subkw>what the father-in-law says to the relatives of the dead man</subkw></keyword>
<keyword><kw>purification</kw><subkw>the man strikes and rubs his breast</subkw></keyword>
<keyword><kw>purification</kw><subkw>the man speaks of his heart</subkw></keyword>
<keyword><kw>purification</kw><subkw>the man rubs himself with |kui fruit</subkw></keyword>
<keyword><kw>purification</kw><subkw>the father-in-law cuts the man between the brows</subkw></keyword>
<keyword><kw>purification</kw><subkw>and scarification</subkw></keyword>
<keyword><kw>purification</kw><subkw>and cutting &apos;in the old mark&apos;</subkw></keyword>
<keyword><kw>purification</kw><subkw>and respecting or fearing the killer&apos;s name</subkw></keyword>
<keyword><kw>purification</kw><subkw>!kun name for the ceremony</subkw></keyword>
<keyword><kw>fruit</kw><subkw>|kui</subkw></keyword>
<keyword><kw>fruit</kw><subkw>!kun name of</subkw></keyword>
<keyword><kw>fruit</kw><subkw>and the purification ritual</subkw></keyword>
<keyword><kw>fruit</kw><subkw>the man rubs himself with it</subkw></keyword>
<keyword><kw>fruit</kw><subkw>and what the man says while cleansing himself</subkw></keyword>
<keyword><kw>scarification</kw><subkw>and what the man says while cleansing himself</subkw></keyword>
<keyword><kw>scarification</kw><subkw>and cutting in the cleansing ritual</subkw></keyword>
<keyword><kw>scarification</kw><subkw>cutting &apos;in the old mark&apos;</subkw></keyword>
<keyword><kw>scarification</kw><subkw>cutting between the eyebrows</subkw></keyword>
<keyword><kw>cutting</kw><subkw>and what the man says while cleansing himself</subkw></keyword>
<keyword><kw>cutting</kw><subkw>in the cleansing ritual</subkw></keyword>
<keyword><kw>cutting</kw><subkw>&apos;in the old mark&apos;</subkw></keyword>
<keyword><kw>cutting</kw><subkw>between the eyebrows</subkw></keyword>
<keyword><kw>cutting</kw><subkw>performed by the father-in-law</subkw></keyword>
<keyword><kw>name</kw><subkw>and what the man says while cleansing himself</subkw></keyword>
<keyword><kw>name</kw><subkw>respecting and fearing that of the man who shot and killed another</subkw></keyword>
<keyword><kw>name</kw><subkw>avoiding the killer&apos;s</subkw></keyword>
<keyword><kw>name</kw><subkw>of plants and fruit prepared and used in the cleansing ritual</subkw></keyword>
<keyword><kw>name</kw><subkw>!kun, for the purification ceremony</subkw></keyword>
<keyword><kw>father-in-law</kw><subkw>addresses the relatives of the dead man</subkw></keyword>
<keyword><kw>father-in-law</kw><subkw>his role in the purification ceremony</subkw></keyword>
<keyword><kw>father-in-law</kw><subkw>and what the man says while cleansing himself</subkw></keyword>
<keyword><kw>men</kw><subkw>and what the man says while cleansing himself</subkw></keyword>
<keyword><kw>heart</kw><subkw>the man speaks of his which must be calm not burn</subkw></keyword>
<keyword><kw>heart</kw><subkw>and what the man says while cleansing himself</subkw></keyword>
<keyword><kw>speech</kw><subkw>what the man says while cleansing himself</subkw></keyword>
<keyword><kw>respect</kw><subkw>for the name of a man who has killed another</subkw></keyword>
<keyword><kw>respect</kw><subkw>what the man says while cleansing himself</subkw></keyword>

<page><file>A2_1_119_09919.JPG</file><book>BC_151_A2_1_119</book></page>
<page><file>A2_1_119_09920.JPG</file><book>BC_151_A2_1_119</book></page>
</item>
