<item type="story"><id>559</id>
<collection>Lucy Lloyd |xam notebooks</collection>
<title>Baboons dance the <i>≠gebbi-ggu</i></title>
<summary><i>The Baboons are also said to assemble together and play at the ≠gebbi–ggu, at night, like the Bushmen, singing like the Bushman women, and imitating the songs which they have heard the people sing. (L V.-25. 5998-6005).</i> When baboons live near people they watch them holding the <i>≠gebbi-ggu</i> and sing the same tune the women sing. One baboon sings for the others to follow and the people also do it this way.</summary><comments>1) p.5997v: Dia!kwain heard this story from his father (Xaa-ttin), 2) <i>≠gebbi-ggu</i> is spelt in various ways throughout the stories in which it occurs, for instance <i>≠gebbi-gu</i>, 3) pp.5997v-6001v: (missing p.5999v) (20 February) A continuation of the story of the Quagga (see<i> Quagga makes flour</i>) who ate <i>bitter bulle</i>, 4) p.6000v: Dia!kwain says that in nature |kaggen (the Mantis) &apos;is the eland&apos;s&apos; and not the Hartebeest&apos;s, 4) p.6005v: some of the positions and movements of the dancers of the <i>≠gebbi-ggu</i>, 5) p.6006v: see J<i>an Plat&apos;s aunt Natta sang the ≠gebbi-ggu</i> (see also p.6007v); the farmers call the <i>≠gebbi-ggu</i> the<i> |ki</i>, 6) See also <i>The story of the lions and the ostriches (when they were people) </i>and <i>Baboons and ≠gebbi-ggu</i>, 7) This story is found in Book V-25</comments><date>19 – 22 February 1876</date><storypages>5998-6007</storypages><category>Custom and daily life</category><category>Plants and animals</category><author>Dia!kwain (David Hoesar) (V)</author><keyword><kw>dance</kw><subkw>baboons dance the ≠gebbi-ggu</subkw></keyword>
<keyword><kw>game</kw><subkw>baboons dance the ≠gebbi-ggu</subkw></keyword>
<keyword><kw>≠gebbi-ggu</kw><subkw>baboons dance</subkw></keyword>
<keyword><kw>≠gebbi-ggu</kw><subkw>calling it</subkw></keyword>
<keyword><kw>≠gebbi-ggu</kw><subkw>is danced at night</subkw></keyword>
<keyword><kw>≠gebbi-ggu</kw><subkw>dancing it</subkw></keyword>
<keyword><kw>≠gebbi-ggu</kw><subkw>performing it</subkw></keyword>
<keyword><kw>≠gebbi-ggu</kw><subkw>baboons imitate the people&apos;s</subkw></keyword>
<keyword><kw>≠gebbi-ggu</kw><subkw>teaching of</subkw></keyword>
<keyword><kw>≠gebbi-ggu</kw><subkw>its doings</subkw></keyword>
<keyword><kw>≠gebbi-ggu</kw><subkw>songs and tunes of</subkw></keyword>
<keyword><kw>≠gebbi-ggu</kw><subkw>animal calls in</subkw></keyword>
<keyword><kw>≠gebbi-ggu</kw><subkw>and the imitation of animal calls</subkw></keyword>
<keyword><kw>≠gebbi-ggu</kw><subkw>roles of women and men in</subkw></keyword>
<keyword><kw>baboons</kw><subkw>dance the ≠gebbi-ggu</subkw></keyword>
<keyword><kw>baboons</kw><subkw>Baboons taught people the ≠gebbi-ggu</subkw></keyword>
<keyword><kw>baboons</kw><subkw>resemble and imitate people</subkw></keyword>
<keyword><kw>baboons</kw><subkw>their nature and habits</subkw></keyword>
<keyword><kw>baboons</kw><subkw>sing and dance the ≠gebbi-ggu</subkw></keyword>
<keyword><kw>baboons</kw><subkw>know the ≠gebbi-ggu</subkw></keyword>
<keyword><kw>baboons</kw><subkw>watch people hold the ≠gebbi-ggu</subkw></keyword>
<keyword><kw>teaching</kw><subkw>Baboons taught people the ≠gebbi-ggu</subkw></keyword>
<keyword><kw>songs</kw><subkw>and tunes of the ≠gebbi-ggu</subkw></keyword>
<keyword><kw>songs</kw><subkw>singing and dancing the  ≠gebbi-ggu</subkw></keyword>
<keyword><kw>songs</kw><subkw>baboons dance the ≠gebbi-ggu</subkw></keyword>
<keyword><kw>animal</kw><subkw>calls imitated in the ≠gebbi-ggu</subkw></keyword>

<page><file>A2_1_74_05998.JPG</file><book>BC_151_A2_1_074</book></page>
<page><file>A2_1_74_05999.JPG</file><book>BC_151_A2_1_074</book></page>
<page><file>A2_1_74_06000.JPG</file><book>BC_151_A2_1_074</book></page>
<page><file>A2_1_74_06001.JPG</file><book>BC_151_A2_1_074</book></page>
<page><file>A2_1_74_06002.JPG</file><book>BC_151_A2_1_074</book></page>
<page><file>A2_1_74_06003.JPG</file><book>BC_151_A2_1_074</book></page>
<page><file>A2_1_74_06004.JPG</file><book>BC_151_A2_1_074</book></page>
<page><file>A2_1_74_06005.JPG</file><book>BC_151_A2_1_074</book></page>
<page><file>A2_1_74_06006.JPG</file><book>BC_151_A2_1_074</book></page>
<page><file>A2_1_74_06007.JPG</file><book>BC_151_A2_1_074</book></page>
</item>
