<item type="story"><id>1069</id>
<collection>Lucy Lloyd !kun notebooks</collection>
<title>Intelligent and foolish people</title>
<summary>The !kun terms for people who are intelligent (their thoughts are not absent) and foolish (their thoughts are wanting).</summary><comments>1) This story is found in Book XI &amp; XII-10</comments><date>April or May 1881</date><storypages>9794v</storypages><category>Words and sentences</category><author>!nanni (XI)</author><author>Tamme (XII)</author><keyword><kw>words and sentences</kw><subkw>!kun</subkw></keyword>
<keyword><kw>words and sentences</kw><subkw>words for intelligence and foolishness</subkw></keyword>
<keyword><kw>vocabulary</kw><subkw>!kun</subkw></keyword>
<keyword><kw>vocabulary</kw><subkw>words for intelligence and foolishness</subkw></keyword>

<page><file>A2_1_118_09795.JPG</file><book>BC_151_A2_1_118</book></page>
</item>
