<item type="story"><id>593</id>
<collection>Lucy Lloyd |xam notebooks</collection>
<title>The west wind</title>
<summary><i>Wind and Weather. The Four Winds. By /han≠kass’o (L VIII.-1. 6096–6101). </i>The west wind turns back the rain-clouds and sends them to the east.</summary><comments>1) See also <i>The south wind </i>and<i> The east wind </i>and<i> The north wind, </i>2) This story is found in Book VIII-1</comments><date>21 January 1878</date><storypages>6097-6098</storypages><category>Custom and daily life</category><category>Celestial bodies and aeroscopy</category><author>|han≠kass'o (Klein Jantje) (VIII)</author><keyword><kw>rain</kw><subkw>and the west wind</subkw></keyword>
<keyword><kw>rain</kw><subkw>clouds</subkw></keyword>
<keyword><kw>rain</kw><subkw>the wind that turns it back</subkw></keyword>
<keyword><kw>west wind</kw><subkw>and drought or want of rain</subkw></keyword>
<keyword><kw>west wind</kw><subkw>turns back rain–clouds</subkw></keyword>
<keyword><kw>west wind</kw><subkw>sends rain–clouds to the east</subkw></keyword>
<keyword><kw>west wind</kw><subkw>is called wurri</subkw></keyword>
<keyword><kw>wind</kw><subkw>the west wind</subkw></keyword>
<keyword><kw>wind</kw><subkw>the four winds</subkw></keyword>
<keyword><kw>wind</kw><subkw>and weather</subkw></keyword>
<keyword><kw>wind</kw><subkw>names of</subkw></keyword>
<keyword><kw>wind</kw><subkw>and the rain</subkw></keyword>
<keyword><kw>wind</kw><subkw>the place of</subkw></keyword>
<keyword><kw>wind</kw><subkw>different types of</subkw></keyword>
<keyword><kw>name</kw><subkw>of the west wind is wurri</subkw></keyword>
<keyword><kw>name</kw><subkw>names of different types of winds</subkw></keyword>
<keyword><kw>place</kw><subkw>the wind&apos;s</subkw></keyword>
<keyword><kw>place</kw><subkw>and the west wind</subkw></keyword>
<keyword><kw>drought</kw><subkw>and the west wind that turns back the rain</subkw></keyword>
<keyword><kw>weather</kw><subkw>and the west wind</subkw></keyword>

<page><file>A2_1_76_06097.JPG</file><book>BC_151_A2_1_076</book></page>
<page><file>A2_1_76_06098.JPG</file><book>BC_151_A2_1_076</book></page>
</item>
