<item type="story"><id>954</id>
<collection>Lucy Lloyd !kun notebooks</collection>
<title>Song of the !kan ||ka ||karashe</title>
<summary>!nanni tells the song of the !kan ||ka ||karashe. This is a small animal eaten by the !kun which scratches out food from the ground called ||kauru.</summary><comments>1) See also <i>Song of the sho sho</i> and <i>Song of the ||ku</i> and <i>The song of the Sauko</i> and <i>The song of the ||noruko djo-djo</i> and <i>The song of the mother of the little buck</i> and <i>The song of the ≠na≠n&apos;arro</i> and <i>The song of the Ngogan-a (a little bird)</i> and <i>The song of the !ke tsa&apos;ba (a bird)</i> and <i>The song of the ||gani (a bird)</i> and <i>The song of the !korro-ssin !ku (or Pit-making Bushmen)</i> and <i>A song of the |kam-ssin !ku (or Sun Bushmen)</i> and <i>The song of the !na !na&apos;rishe (a bird)</i>, 2) This story is found in Book XI &amp; XII-1</comments><date>October 1879</date><storypages>9050</storypages><category>Poetry</category><category>Plants and animals</category><category>Custom and daily life</category><author>!nanni (XI)</author><author>Tamme (XII)</author><keyword><kw>song</kw><subkw>of the !kan ||ka ||karashe</subkw></keyword>
<keyword><kw>song</kw><subkw>given by !nanni</subkw></keyword>
<keyword><kw>song</kw><subkw>of the !kun</subkw></keyword>
<keyword><kw>food</kw><subkw>eaten by the !kan ||ka ||karashe and called ||kauru</subkw></keyword>
<keyword><kw>food</kw><subkw>the !kan ||ka ||karashe is eaten by the !kun</subkw></keyword>
<keyword><kw>!kan ||ka ||karashe</kw><subkw>eaten by the !kun</subkw></keyword>
<keyword><kw>!kan ||ka ||karashe</kw><subkw>a !kun song about</subkw></keyword>

<page><file>A2_1_109_09050.JPG</file><book>BC_151_A2_1_109</book></page>
</item>
