<item type="story"><id>336</id>
<collection>Lucy Lloyd |xam notebooks</collection>
<title>≠kasin&apos;s adventure with a leopard</title>
<summary><i>The narrator’s adventure with a Leopard. In the Katkop dialect by ≠kásin (L IV.-1. 3458-3464). </i>Later ≠kasin&apos;s father goes to hunt springbok to feed the family, but misfires with the gun and comes home empty-handed, to be scolded by his wife.</summary><comments>1) p.3457v: this incident occurred when ≠kasin was a married man living with his father, 2) This story is found in Book IV-1</comments><date>6 November 1873</date><storypages>3458-3464</storypages><category>History (personal)</category><category>Custom and daily life</category><author>≠kasin (Klaas Katkop) (IV)</author><keyword><kw>personal history</kw><subkw>of ≠kasin</subkw></keyword>
<keyword><kw>personal history</kw><subkw>≠kasin&apos;s adventure with a leopard</subkw></keyword>
<keyword><kw>≠kasin</kw><subkw>Klaas Katkop</subkw></keyword>
<keyword><kw>≠kasin</kw><subkw>his personal history</subkw></keyword>
<keyword><kw>≠kasin</kw><subkw>hunts for his family</subkw></keyword>
<keyword><kw>≠kasin</kw><subkw>hunts with a gun</subkw></keyword>
<keyword><kw>≠kasin</kw><subkw>his adventure with a leopard</subkw></keyword>
<keyword><kw>≠kasin</kw><subkw>his relations</subkw></keyword>
<keyword><kw>≠kasin</kw><subkw>the names of his relations</subkw></keyword>
<keyword><kw>gun</kw><subkw>≠kasin hunts with a</subkw></keyword>
<keyword><kw>gun</kw><subkw>and ≠kasin&apos;s adventure with a leopard</subkw></keyword>
<keyword><kw>leopard</kw><subkw>≠kasin&apos;s adventure with one</subkw></keyword>
<keyword><kw>names</kw><subkw>of ≠kasin&apos;s relations</subkw></keyword>
<keyword><kw>names</kw><subkw>and ≠kasin&apos;s adventure with a leopard</subkw></keyword>

<page><file>A2_1_44_03458.JPG</file><book>BC_151_A2_1_044</book></page>
<page><file>A2_1_44_03459.JPG</file><book>BC_151_A2_1_044</book></page>
<page><file>A2_1_44_03460.JPG</file><book>BC_151_A2_1_044</book></page>
<page><file>A2_1_44_03461.JPG</file><book>BC_151_A2_1_044</book></page>
<page><file>A2_1_44_03462.JPG</file><book>BC_151_A2_1_044</book></page>
<page><file>A2_1_44_03463.JPG</file><book>BC_151_A2_1_044</book></page>
<page><file>A2_1_44_03464.JPG</file><book>BC_151_A2_1_044</book></page>
</item>
