<item type="story"><id>2025</id>
<collection>Dorothea Bleek notebooks</collection>
<title>Dorothea Bleek - Book BC151_A3_001</title>
<summary>Notebook on language (words and sentences) of Langeberg Bushmen, met by DB on Mount Temple farm. Some personal details relating to contributors. Most of the words and sentences taken in the book have been written on the numbered right hand pages, with notes &amp; explanations &amp; vocab on the facing verso pages. At the back of the book is a &apos;Visitors List&apos;, dated 1908, with names and addresses written in 2 columns (10pp). </summary><comments>1) Written on first pages (inside front cover): ‘Langeberg Bushmen mostly met on Mr Lanham&apos;s [?] farm Mount Temple.’ Opp. p.1: &apos;D. frock&apos; plus measurements for dress. p.1 includes a list of Bushman names with &apos;mother&apos;, &apos;father&apos; etc and Dutch names written alongside. Includes !kwe |kake or Doorki (also spelt Do&apos;oki) - these are her relations. Possibly all contributors. 2) An insert in between p.1 and the reverse of previous with mostly untranslated sentences and a name, |nu !kwa, &apos;a Bushman&apos;. Date given on p.1v is 1 September 1910. 3) On p.3v &apos;D&apos; gives a version of &apos;S&apos;s&apos; name as !Xon !kwe. This seems to be Doorki&apos;s mother.  4) On p.4 directly opposite it reads &apos;!kun !we&apos; opposite &apos;Sabina&apos;, possibly Doorki&apos;s version of her mother&apos;s name. 5) Some of the corrections have been dated 1918 (see p. 4v). 6) p.5 has &apos;Dooki&apos; noted on top, p.9 has &apos;Dina&apos; noted on top. As such it is not completely clear who the contributor &apos;D&apos; is (eg. p.10) but it looks like &apos;D&apos; is Dina. 7) p.13v: Dooki 3rd Sept. On p.16v a note reads &apos;at library [?] 14.11.11.&apos;. 8) Date given on p.21 is 6 September. 9) Date given on p.25 is 7 September, corrected 21.9. 10) p.25 features the name Yo θpuainki [?] or Bet, and the Bushman and Dutch names of her relations eg. Abraham, Ould Lies, Ould Griet. Many of these have been photographed [check]. There is other personal information on this page, largely genealogical. 11) On p.27v, 7.9, it reads &apos;Doorki&apos;. 12) Insert in between pp.30v &amp; 31: &apos;La Rochelle Newlands 29.11.33&apos; with names of plants [?]. 13) Date on p.31v 8.9.1910. 14) Date and note on 34v: &apos;21.9 Bet&apos;. 15) p.40 notes &apos;Doorki&apos;. 16) p. 42 Sabina noted as contributor.  17) p.42v: 10.9. Sabina’s contribution contains some scant information about finding and preparing food (Bushman rice, cooking meat, eating different kinds of meat eg. goat - old [no teeth] and young). 18) p.45v contains personal info regarding her father and his grandfather. &apos;Their old people lived with Kafirs&apos;, their Bushman names, &apos;her grandfather was with Griquas but not she. The Griquas were in this part of the land.&apos; Some other historical details as to peoples and their movements in this part of the land (Bastards, Griquas, Kafirs), &apos;She was still small when she saw the first Engl. people.&apos; 19) Date on p.46v: 12.9.1910. 20) p.47: Dina &apos;Monday&apos;. &apos;Langeberg born and brought up (North Donker Kloof).&apos; 21) p.50v: 14.9.1910. 22) p.51: Doorki. 23) p.51v: Sabina. 14.9.1910. 24) p.52 features names of &apos;some Bushmen to the north whose language they don&apos;t understand&apos;.</comments><date>September 1910 with corrections in 1918</date><storypages>1-52 (plus 10 unrelated)</storypages><category>Words and sentences</category><category>History (personal)</category><author>!kwe |kake (Doorki)</author><author>!kun !we (Sabina)</author><author>Dina</author><author>Yo θpuainki (Bet)</author>
<page><file>A3_1_001.JPG</file><book>BC_151_A3_01</book></page>
<page><file>A3_1_002.JPG</file><book>BC_151_A3_01</book></page>
<page><file>A3_1_003.JPG</file><book>BC_151_A3_01</book></page>
<page><file>A3_1_004.JPG</file><book>BC_151_A3_01</book></page>
<page><file>A3_1_005.JPG</file><book>BC_151_A3_01</book></page>
<page><file>A3_1_006.JPG</file><book>BC_151_A3_01</book></page>
<page><file>A3_1_007.JPG</file><book>BC_151_A3_01</book></page>
<page><file>A3_1_008.JPG</file><book>BC_151_A3_01</book></page>
<page><file>A3_1_009.JPG</file><book>BC_151_A3_01</book></page>
<page><file>A3_1_010.JPG</file><book>BC_151_A3_01</book></page>
<page><file>A3_1_011.JPG</file><book>BC_151_A3_01</book></page>
<page><file>A3_1_012.JPG</file><book>BC_151_A3_01</book></page>
<page><file>A3_1_013.JPG</file><book>BC_151_A3_01</book></page>
<page><file>A3_1_014.JPG</file><book>BC_151_A3_01</book></page>
<page><file>A3_1_015.JPG</file><book>BC_151_A3_01</book></page>
<page><file>A3_1_016.JPG</file><book>BC_151_A3_01</book></page>
<page><file>A3_1_017.JPG</file><book>BC_151_A3_01</book></page>
<page><file>A3_1_018.JPG</file><book>BC_151_A3_01</book></page>
<page><file>A3_1_019.JPG</file><book>BC_151_A3_01</book></page>
<page><file>A3_1_020.JPG</file><book>BC_151_A3_01</book></page>
<page><file>A3_1_021.JPG</file><book>BC_151_A3_01</book></page>
<page><file>A3_1_022.JPG</file><book>BC_151_A3_01</book></page>
<page><file>A3_1_023.JPG</file><book>BC_151_A3_01</book></page>
<page><file>A3_1_024.JPG</file><book>BC_151_A3_01</book></page>
<page><file>A3_1_025.JPG</file><book>BC_151_A3_01</book></page>
<page><file>A3_1_026.JPG</file><book>BC_151_A3_01</book></page>
<page><file>A3_1_027.JPG</file><book>BC_151_A3_01</book></page>
<page><file>A3_1_028.JPG</file><book>BC_151_A3_01</book></page>
<page><file>A3_1_029.JPG</file><book>BC_151_A3_01</book></page>
<page><file>A3_1_030.JPG</file><book>BC_151_A3_01</book></page>
<page><file>A3_1_031.JPG</file><book>BC_151_A3_01</book></page>
<page><file>A3_1_032.JPG</file><book>BC_151_A3_01</book></page>
<page><file>A3_1_033.JPG</file><book>BC_151_A3_01</book></page>
<page><file>A3_1_034.JPG</file><book>BC_151_A3_01</book></page>
<page><file>A3_1_035.JPG</file><book>BC_151_A3_01</book></page>
<page><file>A3_1_036.JPG</file><book>BC_151_A3_01</book></page>
<page><file>A3_1_037.JPG</file><book>BC_151_A3_01</book></page>
<page><file>A3_1_038.JPG</file><book>BC_151_A3_01</book></page>
<page><file>A3_1_039.JPG</file><book>BC_151_A3_01</book></page>
<page><file>A3_1_040.JPG</file><book>BC_151_A3_01</book></page>
<page><file>A3_1_041.JPG</file><book>BC_151_A3_01</book></page>
<page><file>A3_1_042.JPG</file><book>BC_151_A3_01</book></page>
<page><file>A3_1_043.JPG</file><book>BC_151_A3_01</book></page>
<page><file>A3_1_044.JPG</file><book>BC_151_A3_01</book></page>
<page><file>A3_1_045.JPG</file><book>BC_151_A3_01</book></page>
<page><file>A3_1_046.JPG</file><book>BC_151_A3_01</book></page>
<page><file>A3_1_047.JPG</file><book>BC_151_A3_01</book></page>
<page><file>A3_1_048.JPG</file><book>BC_151_A3_01</book></page>
<page><file>A3_1_049.JPG</file><book>BC_151_A3_01</book></page>
<page><file>A3_1_050.JPG</file><book>BC_151_A3_01</book></page>
<page><file>A3_1_051.JPG</file><book>BC_151_A3_01</book></page>
<page><file>A3_1_052.JPG</file><book>BC_151_A3_01</book></page>
</item>
