<item type="story"><id>2040</id>
<collection>Dorothea Bleek notebooks</collection>
<title>Dorothea Bleek - Book BC151_A3_016</title>
<summary>Naron &amp; Auen notebook, Volume IV. Much personal history and of the inhabitants of the area. Considerable detail as to practises and rituals, especially songs and dances and work hunting and looking for veldkos. There are also detailed descriptions of healing rituals, sorcery or doctoring, beliefs about and prayers to the moon, and about ghosts (or ||gauwa). Recordings (‘ediphones’) are mentioned. Much about artefacts made and daily life especially the finding and pursuing of food, making poisons and medicines and what is done with skins.</summary><comments>1) Written inside front cover &apos;IV |yau ||en&apos; [Auen], p.267 &amp; 8: 27.1.21. Anni u. On making a house, who makes houses (married people), roasting ants and other elements of daily life ; 2)p.269-270v: 28.1.21. Anni u&apos;s personal history, the composition of her family, the names of her sisters and brothers, her mother &amp; father, her children, where she was born, eating and the seasons; 3) p.271: 29.1.21. Words and sentences including much to do with food and cooking; 4) p.273: Parsange [?] 143; 5) p.274: 1.2.21. Anni u &amp; Saul. Words including references to dancing, clapping and playing; 6) p.275v: 5.2.21: No.3 Ediphone [?] Anni u on [?], her recorded speech; 7) p.277v: 9.2.21; 8) p.278v-279: On a &apos;great dance&apos; of the Auen, &apos;of little birds, that is the dance song&apos; (sung in Epikunos), about the song, the ostrich dance &apos;we dance ostriches&apos;; 9) p.280 &amp; v: on moon &amp; stars, on healers (&apos;witchdoctor&apos; or tshi nu) &amp; healing ritual; 10) p.281: 11.2.21: |kukurib. On eating ants; 11) p.284: 13.2.21. Digging for ants, preparing them on mat seive; 12) p.285-286v: 14.2.21. ||kei sib on Record III, untranslated speech; 13) p.287: On the coming of rain and the looking for food, veldkos &amp; hunting, on fat and thin game, the land and relations with friends, other peoples in days gone by (whites, Hottentots etc), inhabitants of the area; 14) p. 289: Aais/Sais [?]. Mention of the Nama, Klip Kaffirs &amp; Bushmen, where they worked and lived; 15) p.290: 17.2.21. Anni u. Sentences including some personal history, names of relations; 16) p.292: 18.9[2?].21. Peoples; 17) p.293: Sentences including some slight personal history (she understands Namaqua); 18) p.294: 22.2.21. |kukurib. Words for dying among others; 19) p.295v-296v: 23.2.21. Anni u. On ghosts or ||gauwa, some descriptions of birth; 20) p.297&amp;8: 24.2.21. Anni u. Words including cutting a person, on wearing a kaross and apron, shooting, all related to the sexes; 21) p.298v-303v: 25.2.21. Anni u. Visitors and dancing, this is the first part of a lengthy account of death and spirits -  &apos;we believe in ||gauwa the first people told us of it&apos;, on &apos;first men&apos; and magicians who meet them: about death and seeing the dead, on being fetched by the dead, becoming spirits, on &apos;obstinate&apos; people, cutting and dancing, doctoring and sorcerers, on smearing with black and putting on karosses, singing, the ||gauwa&apos;s servant, the &apos;yellow one&apos; and &apos;the brown one&apos;, on the &apos;bull dance&apos;, the dance &apos;when cut&apos; is called a &apos;magic dance&apos;. This goes into an account of praying to the moon, about the moon, what the old people say, it cuts its navel; 22) p.304-305v: 1.3.22. |urixamab. Old man. Passange arrows, the making of arrows &amp; poison, on Makoba spears, weapons sold by the Makoba, on using Hakdoorn and powdered insect crysalis to make poison, the root of the sauer cucumber also mixed as a poison base, the names of all the arrow parts; on making traps from rope, animal skins used for shoes and wearing; 23) p.306: 2.3.21. Anni u. !gamna root eaten &amp; grown, eating of black stork, shaving hair and headache, a water place and the goings on around it, the &apos;water snake game&apos; is played there, p.308: on stealing, what the people say to the thief; p.309: the seasons, the pleiades rising, the time of !gumka, the time when ostriches begin to lay, the coming of winter, the sun, finding food; 24) p.3.3.22. On name-giving, eating ants &amp; seeds in spring; 25) p.311: 6.3.21; 26) p.313v-314: Naron, continued from p.339. About the legovan &amp; what it eats, lighting fires &amp; collecting then eating locusts, dancing afterwards; 27) p.314: 4.3.21. Jacob &amp; ≠nu kei. Hunting and working magic, using smeared fat, taught by magicians, time of instruction, learning the dance, &apos;not all men dance all do not learn learn only a few we learn the dance&apos;, learning to become a doctor, magician, &apos;the doctor work with people, sickness comes, they the old men work with it they are doctors...that man gets well...more among the Auen than the Naron&apos;; p.315&amp;315v: about snakes, those which bite people, the use of the snake spoon, catching snakes when they have caught a duiker, they are beaten to death after being hooked under the tail; 28) p.316: On having twins, on childlessness, the treatment of the woman, if the first wife is childless he does not put her aside but keeps her and takes another, if the first wife is friendly they all stay together in one house, this is not common practice &apos;not many people do it&apos;, on the eclipse of the moon which is called magic, it decays, they were afraid, the doctors say they know about it, they worry about the death of the sun if it is big and red at sunrise; 29) p.317: 25.2.21. Naron. |kwikais. A medicine for the stomach, eating &apos;oinkies&apos; in the winter; ≠nukei &amp; ||koasha: eating &amp; bartering food in the different seasons, in the rain they don&apos;t trap as it does not work, only in spring, the whole year &apos;is much food we put aside the food and eat tommorrow&apos;; on shaving hair and beard to avoid lice, hair growth on Bushmen, on &apos;sucking&apos; children and their treatment by the mother, weaned after 5 years, about wearing karosses, about when the Namaqua came, the narrator&apos;s experience when young, the Bushmen did not make war, the Namaqua carried off a woman and some children as servants, they were not kind and beat them; 30) p.321v: 26.2.22. |kwi|ke - ka ||ei [?] On making a duiker skin and springbok skin bag, on threading eggshell beads, names of other implements &amp; their uses, on an Auen doctor, when a person is ill &apos;!kwi !kaiba comes and cures. A man is ill he [?] to him with the mouth a man only does it&apos;, the wearing of big karosses, the wearing of karosses by married men, the wife makes him one, a man &apos;seizes&apos; the woman he wants to marry &amp; takes her to his village and they &apos;lie down&apos; in his hut, he gives her skins to wear and a bag &amp; ornaments, the woman makes a house for him to sleep in, they then go and visit her people, on the bearing of a children; 31) p.324: |urru ||ei &amp; ||a |o. About the naming of a child after someone has died about which the wife&apos;s family quarrels, how it is settled, the giving of the name &apos;|urru ||ei&apos;, personal history and history of the area, existence of Bushmen with black people, &apos;Klip Kaffirs, Namaquas, on women taken by the Namaqua, how the Bushmen were too afraid to make war with the Namaqua and worked for them instead; 32) p.325v-327: The old people taught the |gi dance but all people do not dance it, &apos;old men are dead who taught me the |gi&apos;, on other things taught by the old men, things they spoke of/sung, what they called things such as the sky in the Bushman language, what the Hottentots told the narrator about |gone and how the sky would kill you unless you prayed to it, what the old men told the narrator about praying, how they said &apos;heavenly things are |gone sha&apos;, they say &apos;let me live&apos;, &apos;there (at the |gi) we only danced a doctor he was a man says a prayer to the moon "Give sickness to people" so they prayed it is he who gives illness to man. The sky is the moon.&apos;; 33) p.327v-329: 28.2.21. ||axas. What women say when they pray to the moon - the hare and moon story and their quarrel about death, how the moon cut splitting the hare&apos;s face (with notes and ammendments written in July &apos;21), how the moon sees stealing and is angry, how game is the moon&apos;s possession &apos;he made the things and refuses&apos;; 34) p.329-330: personal history - on living with and speaking Namaqua, what the Namaquas told the narrator about !xom who made people, Bushman teachings about ||gauwa,&apos; a man who has died&apos;, they say &apos;we are taken away home&apos;, &apos;the Bushmen worked about with !xuba and spoke of him&apos;, what the Naron say about !xoba;  35) p.330: about Saul&apos;s marriage, how Saul is a black man, about the black men who were &apos;our masters&apos; and who were there before the Hottentots, how Namaqua and Kaffirs &apos;quarrelled somewhat&apos;, who had guns, the narrator gives some personal history about when the Namaqua came when he was a boy, how the black men were there and the Bushmen worked with them, about his life when he was young, how there were many elands, all the hunting they did, how a man is cut when he kills game if he wishes to see better but not the narrator; 36) p.332v-333: On sorcery &amp; the !gi dance: something winged, black &amp; evil seen when they were dancing the !gi dance, a description, it ran away, it only talks with the old men, only comes when they dance, &apos;the sorcerers were not afraid&apos;; 37) p.333v: on the moon story told by the old people, something seen by the narrator but not spoken of, about dead people who &apos;stop dead but the moon then can live&apos;; 38) p.334:  On ghosts - &apos;the first people told the later people of ||gauwa First generation of sorcerers said nothing of ||gauwa. The second generation spoke of ||gau wa. How the narrator worked with the second generation of sorcerers who told him of ||gau wa, then he saw it. &apos;All dead people are ||gau wa&apos;; 39) p.334v: 1.3.22 |kwi |kai. Poison from trees, Passange arrows, ixisa - a strange thing which comes from the East and kills the men; 40) p.335: 2.3.22. reference to Rietfontein and Likutilu; 41) p. 335v: 3.3.21 ≠nukai and ||koasse, customs, beards and making  honey, about the Hei ||um, Bushman names for the Nama, the name of a savage creature, the people who live at Kunnixais, what the old people remember, pits for catching giraffe and elephant; 42) p.338v: Jakob, on butchering and using the skin and the fat, killing and eating the legavan.</comments><date>January - March 1921 and 1922</date><storypages>267-339</storypages><category>Healing and ailing</category><category>Custom and daily life</category><category>History (personal)</category><author>Anni u</author><author>Saul</author><author>|kukurib</author><author>||kei sib</author><author>Aais/Sais</author><author>|urixamab</author><author>Jacob &amp; ≠nu kei/≠nukai</author><author>|kwikai</author><author>||koasha</author><author>|kwi|ke - ka ||ei</author><author>|urru ||ei &amp; ||a |o</author><author>||axas</author><author>||koasse</author>
<page><file>A3_16_0267.JPG</file><book>BC_151_A3_16</book></page>
<page><file>A3_16_0268.JPG</file><book>BC_151_A3_16</book></page>
<page><file>A3_16_0269.JPG</file><book>BC_151_A3_16</book></page>
<page><file>A3_16_0270.JPG</file><book>BC_151_A3_16</book></page>
<page><file>A3_16_0271.JPG</file><book>BC_151_A3_16</book></page>
<page><file>A3_16_0272.JPG</file><book>BC_151_A3_16</book></page>
<page><file>A3_16_0273.JPG</file><book>BC_151_A3_16</book></page>
<page><file>A3_16_0274.JPG</file><book>BC_151_A3_16</book></page>
<page><file>A3_16_0275.JPG</file><book>BC_151_A3_16</book></page>
<page><file>A3_16_0276.JPG</file><book>BC_151_A3_16</book></page>
<page><file>A3_16_0277.JPG</file><book>BC_151_A3_16</book></page>
<page><file>A3_16_0278.JPG</file><book>BC_151_A3_16</book></page>
<page><file>A3_16_0279.JPG</file><book>BC_151_A3_16</book></page>
<page><file>A3_16_0280.JPG</file><book>BC_151_A3_16</book></page>
<page><file>A3_16_0281.JPG</file><book>BC_151_A3_16</book></page>
<page><file>A3_16_0282.JPG</file><book>BC_151_A3_16</book></page>
<page><file>A3_16_0283.JPG</file><book>BC_151_A3_16</book></page>
<page><file>A3_16_0284.JPG</file><book>BC_151_A3_16</book></page>
<page><file>A3_16_0285.JPG</file><book>BC_151_A3_16</book></page>
<page><file>A3_16_0286.JPG</file><book>BC_151_A3_16</book></page>
<page><file>A3_16_0287.JPG</file><book>BC_151_A3_16</book></page>
<page><file>A3_16_0288.JPG</file><book>BC_151_A3_16</book></page>
<page><file>A3_16_0289.JPG</file><book>BC_151_A3_16</book></page>
<page><file>A3_16_0290.JPG</file><book>BC_151_A3_16</book></page>
<page><file>A3_16_0291.JPG</file><book>BC_151_A3_16</book></page>
<page><file>A3_16_0292.JPG</file><book>BC_151_A3_16</book></page>
<page><file>A3_16_0293.JPG</file><book>BC_151_A3_16</book></page>
<page><file>A3_16_0294.JPG</file><book>BC_151_A3_16</book></page>
<page><file>A3_16_0295.JPG</file><book>BC_151_A3_16</book></page>
<page><file>A3_16_0296.JPG</file><book>BC_151_A3_16</book></page>
<page><file>A3_16_0297.JPG</file><book>BC_151_A3_16</book></page>
<page><file>A3_16_0298.JPG</file><book>BC_151_A3_16</book></page>
<page><file>A3_16_0299.JPG</file><book>BC_151_A3_16</book></page>
<page><file>A3_16_0300.JPG</file><book>BC_151_A3_16</book></page>
<page><file>A3_16_0301.JPG</file><book>BC_151_A3_16</book></page>
<page><file>A3_16_0302.JPG</file><book>BC_151_A3_16</book></page>
<page><file>A3_16_0303.JPG</file><book>BC_151_A3_16</book></page>
<page><file>A3_16_0304.JPG</file><book>BC_151_A3_16</book></page>
<page><file>A3_16_0305.JPG</file><book>BC_151_A3_16</book></page>
<page><file>A3_16_0306.JPG</file><book>BC_151_A3_16</book></page>
<page><file>A3_16_0307.JPG</file><book>BC_151_A3_16</book></page>
<page><file>A3_16_0308.JPG</file><book>BC_151_A3_16</book></page>
<page><file>A3_16_0309.JPG</file><book>BC_151_A3_16</book></page>
<page><file>A3_16_0310.JPG</file><book>BC_151_A3_16</book></page>
<page><file>A3_16_0311.JPG</file><book>BC_151_A3_16</book></page>
<page><file>A3_16_0312.JPG</file><book>BC_151_A3_16</book></page>
<page><file>A3_16_0313.JPG</file><book>BC_151_A3_16</book></page>
<page><file>A3_16_0314.JPG</file><book>BC_151_A3_16</book></page>
<page><file>A3_16_0315.JPG</file><book>BC_151_A3_16</book></page>
<page><file>A3_16_0316.JPG</file><book>BC_151_A3_16</book></page>
<page><file>A3_16_0317.JPG</file><book>BC_151_A3_16</book></page>
<page><file>A3_16_0318.JPG</file><book>BC_151_A3_16</book></page>
<page><file>A3_16_0319.JPG</file><book>BC_151_A3_16</book></page>
<page><file>A3_16_0320.JPG</file><book>BC_151_A3_16</book></page>
<page><file>A3_16_0321.JPG</file><book>BC_151_A3_16</book></page>
<page><file>A3_16_0322.JPG</file><book>BC_151_A3_16</book></page>
<page><file>A3_16_0323.JPG</file><book>BC_151_A3_16</book></page>
<page><file>A3_16_0324.JPG</file><book>BC_151_A3_16</book></page>
<page><file>A3_16_0325.JPG</file><book>BC_151_A3_16</book></page>
<page><file>A3_16_0326.JPG</file><book>BC_151_A3_16</book></page>
<page><file>A3_16_0327.JPG</file><book>BC_151_A3_16</book></page>
<page><file>A3_16_0328.JPG</file><book>BC_151_A3_16</book></page>
<page><file>A3_16_0329.JPG</file><book>BC_151_A3_16</book></page>
<page><file>A3_16_0330.JPG</file><book>BC_151_A3_16</book></page>
<page><file>A3_16_0331.JPG</file><book>BC_151_A3_16</book></page>
<page><file>A3_16_0332.JPG</file><book>BC_151_A3_16</book></page>
<page><file>A3_16_0333.JPG</file><book>BC_151_A3_16</book></page>
<page><file>A3_16_0334.JPG</file><book>BC_151_A3_16</book></page>
<page><file>A3_16_0335.JPG</file><book>BC_151_A3_16</book></page>
<page><file>A3_16_0336.JPG</file><book>BC_151_A3_16</book></page>
<page><file>A3_16_0337.JPG</file><book>BC_151_A3_16</book></page>
<page><file>A3_16_0338.JPG</file><book>BC_151_A3_16</book></page>
<page><file>A3_16_0339.JPG</file><book>BC_151_A3_16</book></page>
</item>
