<item type="story"><id>330</id>
<collection>Lucy Lloyd |xam notebooks</collection>
<title>|kai ka !gaoken, a poison used by &apos;Grass Bushmen&apos;</title>
<summary>An insert in which Lloyd notes the making of a poison used, and feared, by &apos;Grass Bushmen&apos;. It seems that grubs are used. </summary><comments>1) This story is found in Book IV-1</comments><storypages>not numbered (an insert inside front cover of A2_1_44)</storypages><category>Custom and daily life</category><category>Plants and animals</category><author>||kabbo (Jantje) (II)</author><keyword><kw>name</kw><subkw>a poison made by &apos;Grass Bushmen&apos; called |kai ka !gaoken</subkw></keyword>
<keyword><kw>poison</kw><subkw>made by &apos;Grass Bushmen&apos; from grubs and feared</subkw></keyword>
<keyword><kw>poison</kw><subkw>|kai ka !gaoken</subkw></keyword>
<keyword><kw>Grass Bushmen</kw><subkw>a poison made by, called |kai ka !gaoken</subkw></keyword>

<page><file>A2_1_44_INS02.JPG</file><book>BC_151_A2_1_044</book></page>
<page><file>A2_1_44_INS03.JPG</file><book>BC_151_A2_1_044</book></page>
</item>
