<item type="story"><id>11</id>
<collection>Wilhelm Bleek notebooks</collection>
<title>The Moon pierced by the Sun</title>
<summary>Whilst in the preceding myths of the Mantis, the Moon, according to its origin, is only a piece of leather (a shoe of the Mantis),–in Bushman astrological mythology the Moon is looked upon as a man who incurs the wrath of the Sun, and is consequently pierced by the knife (i.e. rays) of the latter.  This process is repeated until almost the whole of the Moon is cut away, and only one little piece left; which the Moon piteously implores the Sun to spare for his (the Moon’s) children.  (As mentioned above, the Moon is in Bushman mythology a male being.)  From this little piece, the Moon gradually grows again until it becomes a full moon, when the Sun’s stabbing and cutting processes recommence.– This explanation of the Moon’s changes is given in four versions;  the longest of which (although as yet unfinished) is in a speech made by the Mantis, when he had created the Moon...The second version, written by L, is shorter (BI. 215b–215e, and re–written on 215bb–215ff...<i>What happens to the Moon when it is pierced by the Sun. It decays and grows small (dies) then comes alive again.
</i></summary><comments>1) Note on p.215bb: &apos;Recopied from Jantje Toorm&apos;s dictation (with him, June 10, &apos;72).&apos;, 2) This story is found in Book I</comments><date>(10 June 1872, recopied with ||kabbo&apos;s dictation)</date><storypages>215bb-215ff</storypages><category>Celestial bodies and aeroscopy</category><author>||kabbo (Jantje) (II)</author><keyword><kw>Moon</kw><subkw>pierced by the Sun</subkw></keyword>
<keyword><kw>Moon</kw><subkw>death of</subkw></keyword>
<keyword><kw>Moon</kw><subkw>resurrection of</subkw></keyword>
<keyword><kw>Moon</kw><subkw>waxes and wanes</subkw></keyword>
<keyword><kw>Moon</kw><subkw>the Sun kills</subkw></keyword>
<keyword><kw>Moon</kw><subkw>lives and dies</subkw></keyword>
<keyword><kw>Moon</kw><subkw>actions of</subkw></keyword>
<keyword><kw>Moon</kw><subkw>doings of</subkw></keyword>
<keyword><kw>Moon</kw><subkw>backbone of</subkw></keyword>
<keyword><kw>Moon</kw><subkw>lies on his back in the sky</subkw></keyword>
<keyword><kw>Moon</kw><subkw>children of</subkw></keyword>
<keyword><kw>Moon</kw><subkw>stomach of</subkw></keyword>
<keyword><kw>Moon</kw><subkw>who talks</subkw></keyword>
<keyword><kw>Moon</kw><subkw>is a man</subkw></keyword>
<keyword><kw>Moon</kw><subkw>&apos;walking goes above&apos;</subkw></keyword>
<keyword><kw>Moon</kw><subkw>grows</subkw></keyword>
<keyword><kw>Moon</kw><subkw>becomes new</subkw></keyword>
<keyword><kw>Moon</kw><subkw>becomes &apos;great&apos;</subkw></keyword>
<keyword><kw>Moon</kw><subkw>full</subkw></keyword>
<keyword><kw>Moon</kw><subkw>makes light</subkw></keyword>
<keyword><kw>Moon</kw><subkw>&apos;smells badly&apos;</subkw></keyword>
<keyword><kw>Moon</kw><subkw>dies</subkw></keyword>
<keyword><kw>Moon</kw><subkw>falls down</subkw></keyword>
<keyword><kw>Moon</kw><subkw>death of</subkw></keyword>
<keyword><kw>Moon</kw><subkw>&apos;gently comes&apos;</subkw></keyword>
<keyword><kw>Moon</kw><subkw>&apos;slowly comes&apos;</subkw></keyword>
<keyword><kw>Moon</kw><subkw>&apos;living comes&apos;</subkw></keyword>
<keyword><kw>Moon</kw><subkw>decays and grows small then comes alive again</subkw></keyword>
<keyword><kw>Sun</kw><subkw>pierces the Moon</subkw></keyword>
<keyword><kw>Sun</kw><subkw>actions of</subkw></keyword>
<keyword><kw>Sun</kw><subkw>doings of</subkw></keyword>
<keyword><kw>Sun</kw><subkw>rays of</subkw></keyword>
<keyword><kw>Sun</kw><subkw>knife of</subkw></keyword>
<keyword><kw>Sun</kw><subkw>pierces the Moon&apos;s stomach</subkw></keyword>
<keyword><kw>Sun</kw><subkw>sets</subkw></keyword>
<keyword><kw>Sun</kw><subkw>place where it sets</subkw></keyword>
<keyword><kw>knife</kw><subkw>the Sun&apos;s pierces the Moon with his</subkw></keyword>
<keyword><kw>knife</kw><subkw>rays of the Sun</subkw></keyword>
<keyword><kw>child</kw><subkw>the Moon&apos;s</subkw></keyword>
<keyword><kw>child</kw><subkw>the Moon pierced by the Sun</subkw></keyword>
<keyword><kw>stomach</kw><subkw>of the Moon pierced by the Sun</subkw></keyword>
<keyword><kw>death</kw><subkw>of the Moon</subkw></keyword>
<keyword><kw>death</kw><subkw>the Moon decays and grows small then comes alive again</subkw></keyword>
<keyword><kw>death</kw><subkw>and the Moon pierced by the Sun</subkw></keyword>
<keyword><kw>backbone</kw><subkw>of the Moon</subkw></keyword>
<keyword><kw>backbone</kw><subkw>and the Moon pierced by the Sun</subkw></keyword>

<page><file>A1_4_1_00215bb.JPG</file><book>BC_151_A1_4_001</book></page>
<page><file>A1_4_1_00215cc.JPG</file><book>BC_151_A1_4_001</book></page>
<page><file>A1_4_1_00215dd.JPG</file><book>BC_151_A1_4_001</book></page>
<page><file>A1_4_1_00215ee.JPG</file><book>BC_151_A1_4_001</book></page>
<page><file>A1_4_1_00215ff.JPG</file><book>BC_151_A1_4_001</book></page>
</item>
