<item type="story"><id>12</id>
<collection>Wilhelm Bleek notebooks</collection>
<title>Words and sentences: names of animals</title>
<summary>Of what appears to be an Incantation, reciting the names of different animals successively, we have several versions, –three by /a!kúnta alone.  (B I. 249…)<i> |xam words and sentences (the names of animals).</i></summary><comments>1) This story is found in Book I</comments><date>1871</date><storypages>249</storypages><category>Poetry</category><category>Words and sentences</category><author>|a!kunta (Stoffel) (I) (and possibly ||kabbo)</author><keyword><kw>dictionary</kw><subkw>names of animals</subkw></keyword>
<keyword><kw>words and sentences</kw><subkw>names of animals</subkw></keyword>
<keyword><kw>words and sentences</kw><subkw>|xam</subkw></keyword>
<keyword><kw>vocabulary</kw><subkw>|xam</subkw></keyword>
<keyword><kw>vocabulary</kw><subkw>names of animals</subkw></keyword>
<keyword><kw>animals</kw><subkw>|xam names of</subkw></keyword>
<keyword><kw>names</kw><subkw>of animals in |xam</subkw></keyword>

<page><file>A1_4_1_00249.JPG</file><book>BC_151_A1_4_001</book></page>
</item>
