<?xml version='1.0' encoding='utf-8'?>
<oai_dc:dc xmlns:dc="http://purl.org/dc/elements/1.1/" xmlns:oai_dc="http://www.openarchives.org/OAI/2.0/oai_dc/" xmlns:xsi="http://www.w3.org/2001/XMLSchema-instance" xsi:schemaLocation="http://www.openarchives.org/OAI/2.0/oai_dc/ http://www.openarchives.org/OAI/2.0/oai_dc.xsd">
  <dc:descriptions>|xam words and sentences (the names of animals).</dc:descriptions>
  <dc:descriptions>Of what appears to be an Incantation, reciting the names of different animals successively, we have several versions, –three by /a!kúnta alone.  (B I. 249…)</dc:descriptions>
  <dc:identifiers>A1_4_1_00249.JPG</dc:identifiers>
  <dc:identifiers>BC_151_A1_4_001</dc:identifiers>
  <dc:title>Words and sentences: names of animals</dc:title>
</oai_dc:dc>
