<item type="story"><id>534</id>
<collection>Lucy Lloyd |xam notebooks</collection>
<title>Custom observed with Bushman children, when too young to walk</title>
<summary><i>A ceremony performed with the Brachycerus (African Ground Weevil) in order to preserve young babies from convulsions. In the Katkop dialect by Díä!kwãin (L V.-23. 5833-5840). The Brachycerus used to cure illness in little children. By /han≠kass’o  (L VIII.-21. 7822–7825).</i>   </summary><comments>1) p.5832v: this story was told to Dia!kwain by his mother (≠kamme-an); the beetle of the story ticks like a clock and is shaped like a tortoise, 2) This story is found in Book V-23</comments><date>6 January 1876 (started)</date><storypages>5833-5840</storypages><category>Custom and daily life</category><category>Healing and ailing</category><author>Dia!kwain (David Hoesar) (V)</author><keyword><kw>healing</kw><subkw>with a beetle</subkw></keyword>
<keyword><kw>healing</kw><subkw>with the African ground weevil</subkw></keyword>
<keyword><kw>healing</kw><subkw>actions performed while</subkw></keyword>
<keyword><kw>healing</kw><subkw>the sounds made while</subkw></keyword>
<keyword><kw>healing</kw><subkw>a description of a healing custom observed with young children</subkw></keyword>
<keyword><kw>healing</kw><subkw>of a very young child</subkw></keyword>
<keyword><kw>healing</kw><subkw>of a young child&apos;s convulsions</subkw></keyword>
<keyword><kw>child</kw><subkw>a custom observed with young children</subkw></keyword>
<keyword><kw>child</kw><subkw>healing with a weevil</subkw></keyword>
<keyword><kw>child</kw><subkw>and the African ground weevil</subkw></keyword>
<keyword><kw>child</kw><subkw>with convulsions in its sleep</subkw></keyword>
<keyword><kw>child</kw><subkw>and illness</subkw></keyword>
<keyword><kw>child</kw><subkw>is startled awake</subkw></keyword>
<keyword><kw>weevil</kw><subkw>a custom observed with young children</subkw></keyword>
<keyword><kw>weevil</kw><subkw>the Brachycerus</subkw></keyword>
<keyword><kw>weevil</kw><subkw>African ground</subkw></keyword>
<keyword><kw>weevil</kw><subkw>used in healing young children</subkw></keyword>
<keyword><kw>weevil</kw><subkw>or beetle</subkw></keyword>
<keyword><kw>weevil</kw><subkw>is placed in a child&apos;s hands</subkw></keyword>
<keyword><kw>illness</kw><subkw>healing a young child with a weevil</subkw></keyword>
<keyword><kw>illness</kw><subkw>healing in little children</subkw></keyword>
<keyword><kw>illness</kw><subkw>a child&apos;s convulsions</subkw></keyword>
<keyword><kw>insect</kw><subkw>a healing custom observed with young children using the African ground weevil or Brachycerus</subkw></keyword>

<page><file>A2_1_72_05833.JPG</file><book>BC_151_A2_1_072</book></page>
<page><file>A2_1_72_05834.JPG</file><book>BC_151_A2_1_072</book></page>
<page><file>A2_1_72_05835.JPG</file><book>BC_151_A2_1_072</book></page>
<page><file>A2_1_72_05836.JPG</file><book>BC_151_A2_1_072</book></page>
<page><file>A2_1_72_05837.JPG</file><book>BC_151_A2_1_072</book></page>
<page><file>A2_1_72_05838.JPG</file><book>BC_151_A2_1_072</book></page>
<page><file>A2_1_72_05839.JPG</file><book>BC_151_A2_1_072</book></page>
<page><file>A2_1_72_05840.JPG</file><book>BC_151_A2_1_072</book></page>
</item>
